bus_id,Dummy,pickup_datetime,dropoff_datetime,trip_duration,passenger_count,trip distance,holiday,day,pickup_latitude,pickup_longitude,dropoff_latitude,dropoff_longitude,pickup_zip,pickup_location,dropoff_zip,dropoff_location
1,"Sunday, January 01, 2017",01-01-2017 10:18,01-01-2017 10:53,0:35,33,10,1,Sunday,11.020522,76.966698,10.9987351,77.0319784,641012,Gandhipuram,641005,Singanallur
2,"Monday, January 02, 2017",02-01-2017 21:20,02-01-2017 22:00,0:40,58,10,0,Monday,11.020522,76.966698,10.9987351,77.0319784,641012,Gandhipuram,641005,Singanallur
3,"Tuesday, January 03, 2017",03-01-2017 14:10,03-01-2017 14:50,0:40,56,10,0,Tuesday,11.020522,76.966698,10.9987351,77.0319784,641012,Gandhipuram,641005,Singanallur
4,"Wednesday, January 04, 2017",04-01-2017 17:15,04-01-2017 17:58,0:43,78,10,0,Wednesday,11.020522,76.966698,10.9987351,77.0319784,641012,Gandhipuram,641005,Singanallur
5,"Thursday, January 05, 2017",05-01-2017 15:00,05-01-2017 15:40,0:40,48,10,0,Thursday,11.020522,76.966698,10.9987351,77.0319784,641012,Gandhipuram,641005,Singanallur
6,"Friday, January 06, 2017",06-01-2017 17:09,06-01-2017 17:54,0:45,90,10,0,Friday,11.020522,76.966698,10.9987351,77.0319784,641012,Gandhipuram,641005,Singanallur
7,"Saturday, January 07, 2017",07-01-2017 6:45,07-01-2017 7:15,0:30,58,10,0,Saturday,11.020522,76.966698,10.9987351,77.0319784,641012,Gandhipuram,641005,Singanallur
8,"Sunday, January 08, 2017",08-01-2017 20:35,08-01-2017 21:10,0:35,45,10,0,Sunday,11.020522,76.966698,10.9987351,77.0319784,641012,Gandhipuram,641005,Singanallur
9,"Monday, January 09, 2017",09-01-2017 13:15,09-01-2017 13:55,0:40,55,10,0,Monday,11.020522,76.966698,10.9987351,77.0319784,641012,Gandhipuram,641005,Singanallur
10,"Tuesday, January 10, 2017",10-01-2017 5:09,10-01-2017 5:37,0:28,10,10,0,Tuesday,11.020522,76.966698,10.9987351,77.0319784,641012,Gandhipuram,641005,Singanallur
11,"Wednesday, January 11, 2017",11-01-2017 15:40,11-01-2017 16:25,0:45,60,10.1,0,Wednesday,11.020522,76.966698,10.9987351,77.0319784,641012,Gandhipuram,641005,Singanallur
12,"Thursday, January 12, 2017",12-01-2017 14:10,12-01-2017 14:50,0:40,55,10,0,Thursday,11.020522,76.966698,10.9987351,77.0319784,641012,Gandhipuram,641005,Singanallur
13,"Friday, January 13, 2017",13-01-2017 8:20,13-01-2017 9:05,0:45,95,10.1,1,Friday,11.020522,76.966698,10.9987351,77.0319784,641012,Gandhipuram,641005,Singanallur
14,"Saturday, January 14, 2017",14-01-2017 15:00,14-01-2017 15:40,0:40,55,10,1,Saturday,11.020522,76.966698,10.9987351,77.0319784,641012,Gandhipuram,641005,Singanallur
15,"Sunday, January 15, 2017",15-01-2017 17:09,15-01-2017 17:44,0:35,26,10,1,Sunday,11.020522,76.966698,10.9987351,77.0319784,641012,Gandhipuram,641005,Singanallur
16,"Monday, January 16, 2017",16-01-2017 6:45,16-01-2017 7:18,0:33,34,10,1,Monday,11.020522,76.966698,10.9987351,77.0319784,641012,Gandhipuram,641005,Singanallur
17,"Tuesday, January 17, 2017",17-01-2017 20:35,17-01-2017 21:20,0:45,65,10,0,Tuesday,11.020522,76.966698,10.9987351,77.0319784,641012,Gandhipuram,641005,Singanallur
18,"Wednesday, January 18, 2017",18-01-2017 19:50,18-01-2017 20:40,0:50,80,10,0,Wednesday,11.020522,76.966698,10.9987351,77.0319784,641012,Gandhipuram,641005,Singanallur
19,"Thursday, January 19, 2017",19-01-2017 23:15,19-01-2017 23:50,0:35,25,10,0,Thursday,11.020522,76.966698,10.9987351,77.0319784,641012,Gandhipuram,641005,Singanallur
20,"Friday, January 20, 2017",20-01-2017 6:30,20-01-2017 7:00,0:30,35,10,0,Friday,11.020522,76.966698,10.9987351,77.0319784,641012,Gandhipuram,641005,Singanallur
21,"Saturday, January 21, 2017",21-01-2017 19:30,21-01-2017 20:15,0:45,65,10,0,Saturday,11.020522,76.966698,10.9987351,77.0319784,641012,Gandhipuram,641005,Singanallur
22,"Sunday, January 22, 2017",22-01-2017 13:15,22-01-2017 13:50,0:35,28,10,0,Sunday,11.020522,76.966698,10.9987351,77.0319784,641012,Gandhipuram,641005,Singanallur
23,"Monday, January 23, 2017",23-01-2017 6:45,23-01-2017 7:15,0:30,25,10,0,Monday,11.020522,76.966698,10.9987351,77.0319784,641012,Gandhipuram,641005,Singanallur
24,"Tuesday, January 24, 2017",24-01-2017 20:35,24-01-2017 21:20,0:45,86,10,0,Tuesday,11.020522,76.966698,10.9987351,77.0319784,641012,Gandhipuram,641005,Singanallur
25,"Wednesday, January 25, 2017",25-01-2017 19:50,25-01-2017 20:40,0:50,89,10,0,Wednesday,11.020522,76.966698,10.9987351,77.0319784,641012,Gandhipuram,641005,Singanallur
26,"Thursday, January 26, 2017",26-01-2017 23:15,26-01-2017 23:53,0:38,18,10,1,Thursday,11.020522,76.966698,10.9987351,77.0319784,641012,Gandhipuram,641005,Singanallur
27,"Friday, January 27, 2017",27-01-2017 6:30,27-01-2017 7:00,0:30,32,10,0,Friday,11.020522,76.966698,10.9987351,77.0319784,641012,Gandhipuram,641005,Singanallur
28,"Saturday, January 28, 2017",28-01-2017 19:30,28-01-2017 20:15,0:45,68,10,0,Saturday,11.020522,76.966698,10.9987351,77.0319784,641012,Gandhipuram,641005,Singanallur
29,"Sunday, January 29, 2017",29-01-2017 13:15,29-01-2017 13:50,0:35,28,10,0,Sunday,11.020522,76.966698,10.9987351,77.0319784,641012,Gandhipuram,641005,Singanallur
30,"Monday, January 30, 2017",30-01-2017 6:45,30-01-2017 7:15,0:30,28,10,0,Monday,11.020522,76.966698,10.9987351,77.0319784,641012,Gandhipuram,641005,Singanallur
31,"Tuesday, January 31, 2017",31-01-2017 20:35,31-01-2017 21:20,0:45,84,10,0,Tuesday,11.020522,76.966698,10.9987351,77.0319784,641012,Gandhipuram,641005,Singanallur
32,"Wednesday, February 01, 2017",01-02-2017 19:50,01-02-2017 20:25,0:35,76,12.1,0,Wednesday,11.020522,76.966698,11.0812183,76.941558,641012,Gandhipuram,641034,Thudiyalur
33,"Thursday, February 02, 2017",02-02-2017 23:15,02-02-2017 23:33,0:18,10,12.1,0,Thursday,11.020522,76.966698,11.0812183,76.941558,641012,Gandhipuram,641034,Thudiyalur
34,"Friday, February 03, 2017",03-02-2017 17:15,03-02-2017 17:56,0:41,89,12.5,0,Friday,11.020522,76.966698,11.0812183,76.941558,641012,Gandhipuram,641034,Thudiyalur
35,"Saturday, February 04, 2017",04-02-2017 19:30,04-02-2017 20:00,0:30,50,12.1,0,Saturday,11.020522,76.966698,11.0812183,76.941558,641012,Gandhipuram,641034,Thudiyalur
36,"Sunday, February 05, 2017",05-02-2017 13:15,05-02-2017 13:40,0:25,24,12.1,0,Sunday,11.020522,76.966698,11.0812183,76.941558,641012,Gandhipuram,641034,Thudiyalur
37,"Monday, February 06, 2017",06-02-2017 17:09,06-02-2017 17:39,0:30,68,12.1,0,Monday,11.020522,76.966698,11.0812183,76.941558,641012,Gandhipuram,641034,Thudiyalur
38,"Tuesday, February 07, 2017",07-02-2017 6:45,07-02-2017 7:01,0:16,24,12.1,0,Tuesday,11.020522,76.966698,11.0812183,76.941558,641012,Gandhipuram,641034,Thudiyalur
39,"Wednesday, February 08, 2017",08-02-2017 20:35,08-02-2017 21:08,0:33,65,12.1,0,Wednesday,11.020522,76.966698,11.0812183,76.941558,641012,Gandhipuram,641034,Thudiyalur
40,"Thursday, February 09, 2017",09-02-2017 19:50,09-02-2017 20:22,0:32,73,12.1,0,Thursday,11.020522,76.966698,11.0812183,76.941558,641012,Gandhipuram,641034,Thudiyalur
41,"Friday, February 10, 2017",10-02-2017 5:09,10-02-2017 5:25,0:16,28,12.1,0,Friday,11.020522,76.966698,11.0812183,76.941558,641012,Gandhipuram,641034,Thudiyalur
42,"Saturday, February 11, 2017",11-02-2017 21:20,11-02-2017 21:38,0:18,32,12.1,0,Saturday,11.020522,76.966698,11.0812183,76.941558,641012,Gandhipuram,641034,Thudiyalur
43,"Sunday, February 12, 2017",12-02-2017 14:10,12-02-2017 14:36,0:26,19,12.1,0,Sunday,11.020522,76.966698,11.0812183,76.941558,641012,Gandhipuram,641034,Thudiyalur
44,"Monday, February 13, 2017",13-02-2017 17:15,13-02-2017 17:47,0:32,70,12,0,Monday,11.020522,76.966698,11.0812183,76.941558,641012,Gandhipuram,641034,Thudiyalur
45,"Tuesday, February 14, 2017",14-02-2017 15:00,14-02-2017 15:25,0:25,45,12,0,Tuesday,11.020522,76.966698,11.0812183,76.941558,641012,Gandhipuram,641034,Thudiyalur
46,"Wednesday, February 15, 2017",15-02-2017 17:09,15-02-2017 17:45,0:36,80,12,0,Wednesday,11.020522,76.966698,11.0812183,76.941558,641012,Gandhipuram,641034,Thudiyalur
47,"Thursday, February 16, 2017",16-02-2017 6:45,16-02-2017 7:02,0:17,21,12.1,0,Thursday,11.020522,76.966698,11.0812183,76.941558,641012,Gandhipuram,641034,Thudiyalur
48,"Friday, February 17, 2017",17-02-2017 19:30,17-02-2017 20:12,0:42,90,12.1,0,Friday,11.020522,76.966698,11.0812183,76.941558,641012,Gandhipuram,641034,Thudiyalur
49,"Saturday, February 18, 2017",18-02-2017 19:50,18-02-2017 20:12,0:22,46,12,0,Saturday,11.020522,76.966698,11.0812183,76.941558,641012,Gandhipuram,641034,Thudiyalur
50,"Sunday, February 19, 2017",19-02-2017 20:15,19-02-2017 20:50,0:35,52,12.1,0,Sunday,11.020522,76.966698,11.0812183,76.941558,641012,Gandhipuram,641034,Thudiyalur
51,"Monday, February 20, 2017",20-02-2017 21:20,20-02-2017 21:41,0:21,46,12,0,Monday,11.020522,76.966698,11.0812183,76.941558,641012,Gandhipuram,641034,Thudiyalur
52,"Tuesday, February 21, 2017",21-02-2017 20:35,21-02-2017 21:05,0:30,67,12,0,Tuesday,11.020522,76.966698,11.0812183,76.941558,641012,Gandhipuram,641034,Thudiyalur
53,"Tuesday, February 21, 2017",21-02-2017 9:30,21-02-2017 10:12,0:42,95,12.1,0,Tuesday,11.020522,76.966698,11.0812183,76.941558,641012,Gandhipuram,641034,Thudiyalur
54,"Wednesday, February 22, 2017",22-02-2017 17:15,22-02-2017 17:54,0:39,76,12.1,0,Wednesday,11.020522,76.966698,11.0812183,76.941558,641012,Gandhipuram,641034,Thudiyalur
55,"Thursday, February 23, 2017",23-02-2017 6:45,23-02-2017 7:03,0:18,22,12.1,0,Thursday,11.020522,76.966698,11.0812183,76.941558,641012,Gandhipuram,641034,Thudiyalur
56,"Friday, February 24, 2017",24-02-2017 15:40,24-02-2017 16:10,0:30,78,12,0,Friday,11.020522,76.966698,11.0812183,76.941558,641012,Gandhipuram,641034,Thudiyalur
57,"Saturday, February 25, 2017",25-02-2017 19:50,25-02-2017 20:13,0:23,43,12,0,Saturday,11.020522,76.966698,11.0812183,76.941558,641012,Gandhipuram,641034,Thudiyalur
58,"Sunday, February 26, 2017",26-02-2017 8:20,26-02-2017 8:44,0:24,50,12.1,0,Sunday,11.020522,76.966698,11.0812183,76.941558,641012,Gandhipuram,641034,Thudiyalur
59,"Monday, February 27, 2017",27-02-2017 15:40,27-02-2017 16:18,0:38,75,12.1,0,Monday,11.020522,76.966698,11.0812183,76.941558,641012,Gandhipuram,641034,Thudiyalur
60,"Tuesday, February 28, 2017",28-02-2017 14:10,28-02-2017 14:35,0:25,54,12.1,0,Tuesday,11.020522,76.966698,11.0812183,76.941558,641012,Gandhipuram,641034,Thudiyalur
61,"Wednesday, March 01, 2017",01-03-2017 8:20,01-03-2017 9:05,0:45,85,10.1,0,Wednesday,11.020522,76.966698,10.9987351,77.0319784,641012,Gandhipuram,641005,Singanallur
62,"Thursday, March 02, 2017",02-03-2017 15:00,02-03-2017 15:40,0:40,48,10,0,Thursday,11.020522,76.966698,10.9987351,77.0319784,641012,Gandhipuram,641005,Singanallur
63,"Friday, March 03, 2017",03-03-2017 20:35,03-03-2017 21:25,0:50,89,10.1,0,Friday,11.020522,76.966698,10.9987351,77.0319784,641012,Gandhipuram,641005,Singanallur
64,"Saturday, March 04, 2017",04-03-2017 9:30,04-03-2017 10:10,0:40,70,10,0,Saturday,11.020522,76.966698,10.9987351,77.0319784,641012,Gandhipuram,641005,Singanallur
65,"Sunday, March 05, 2017",05-03-2017 23:15,05-03-2017 23:50,0:35,25,10.1,0,Sunday,11.020522,76.966698,10.9987351,77.0319784,641012,Gandhipuram,641005,Singanallur
66,"Monday, March 06, 2017",06-03-2017 21:20,06-03-2017 22:00,0:40,60,10,0,Monday,11.020522,76.966698,10.9987351,77.0319784,641012,Gandhipuram,641005,Singanallur
67,"Tuesday, March 07, 2017",07-03-2017 9:30,07-03-2017 10:20,0:50,90,10.1,0,Tuesday,11.020522,76.966698,10.9987351,77.0319784,641012,Gandhipuram,641005,Singanallur
68,"Wednesday, March 08, 2017",08-03-2017 17:15,08-03-2017 17:58,0:43,80,10,0,Wednesday,11.020522,76.966698,10.9987351,77.0319784,641012,Gandhipuram,641005,Singanallur
69,"Thursday, March 09, 2017",09-03-2017 6:45,09-03-2017 7:15,0:30,26,10.1,0,Thursday,11.020522,76.966698,10.9987351,77.0319784,641012,Gandhipuram,641005,Singanallur
70,"Friday, March 10, 2017",10-03-2017 15:40,10-03-2017 16:18,0:38,60,10,0,Friday,11.020522,76.966698,10.9987351,77.0319784,641012,Gandhipuram,641005,Singanallur
71,"Saturday, March 11, 2017",11-03-2017 19:50,11-03-2017 20:30,0:40,70,10.1,0,Saturday,11.020522,76.966698,10.9987351,77.0319784,641012,Gandhipuram,641005,Singanallur
72,"Sunday, March 12, 2017",12-03-2017 8:20,12-03-2017 8:55,0:35,30,10,0,Sunday,11.020522,76.966698,10.9987351,77.0319784,641012,Gandhipuram,641005,Singanallur
73,"Monday, March 13, 2017",13-03-2017 20:15,13-03-2017 20:55,0:40,52,10.1,1,Monday,11.020522,76.966698,10.9987351,77.0319784,641012,Gandhipuram,641005,Singanallur
74,"Tuesday, March 14, 2017",14-03-2017 21:20,14-03-2017 22:00,0:40,62,10,0,Tuesday,11.020522,76.966698,10.9987351,77.0319784,641012,Gandhipuram,641005,Singanallur
75,"Wednesday, March 15, 2017",15-03-2017 9:30,15-03-2017 10:20,0:50,89,10.1,0,Wednesday,11.020522,76.966698,10.9987351,77.0319784,641012,Gandhipuram,641005,Singanallur
76,"Thursday, March 16, 2017",16-03-2017 17:15,16-03-2017 18:00,0:45,80,10,0,Thursday,11.020522,76.966698,10.9987351,77.0319784,641012,Gandhipuram,641005,Singanallur
77,"Friday, March 17, 2017",17-03-2017 9:10,17-03-2017 9:55,0:45,86,10.1,0,Friday,11.020522,76.966698,10.9987351,77.0319784,641012,Gandhipuram,641005,Singanallur
78,"Saturday, March 18, 2017",18-03-2017 17:09,18-03-2017 17:44,0:35,63,10,0,Saturday,11.020522,76.966698,10.9987351,77.0319784,641012,Gandhipuram,641005,Singanallur
79,"Sunday, March 19, 2017",19-03-2017 6:30,19-03-2017 7:00,0:30,12,10.1,0,Sunday,11.020522,76.966698,10.9987351,77.0319784,641012,Gandhipuram,641005,Singanallur
80,"Monday, March 20, 2017",20-03-2017 20:35,20-03-2017 21:20,0:45,85,10,0,Monday,11.020522,76.966698,10.9987351,77.0319784,641012,Gandhipuram,641005,Singanallur
81,"Tuesday, March 21, 2017",21-03-2017 13:15,21-03-2017 13:55,0:40,50,10.1,0,Tuesday,11.020522,76.966698,10.9987351,77.0319784,641012,Gandhipuram,641005,Singanallur
82,"Wednesday, March 22, 2017",22-03-2017 5:09,22-03-2017 5:37,0:28,10,10,0,Wednesday,11.020522,76.966698,10.9987351,77.0319784,641012,Gandhipuram,641005,Singanallur
83,"Thursday, March 23, 2017",23-03-2017 15:40,23-03-2017 16:25,0:45,60,10,0,Thursday,11.020522,76.966698,10.9987351,77.0319784,641012,Gandhipuram,641005,Singanallur
84,"Friday, March 24, 2017",24-03-2017 14:10,24-03-2017 14:45,0:35,35,10,0,Friday,11.020522,76.966698,10.9987351,77.0319784,641012,Gandhipuram,641005,Singanallur
85,"Saturday, March 25, 2017",25-03-2017 8:20,25-03-2017 9:06,0:46,75,10.1,0,Saturday,11.020522,76.966698,10.9987351,77.0319784,641012,Gandhipuram,641005,Singanallur
86,"Sunday, March 26, 2017",26-03-2017 15:00,26-03-2017 15:35,0:35,25,10,0,Sunday,11.020522,76.966698,10.9987351,77.0319784,641012,Gandhipuram,641005,Singanallur
87,"Monday, March 27, 2017",27-03-2017 23:45,28-03-2017 0:20,0:35,20,10.1,0,Monday,11.020522,76.966698,10.9987351,77.0319784,641012,Gandhipuram,641005,Singanallur
88,"Tuesday, March 28, 2017",28-03-2017 6:45,28-03-2017 7:18,0:33,15,10,1,Tuesday,11.020522,76.966698,10.9987351,77.0319784,641012,Gandhipuram,641005,Singanallur
89,"Wednesday, March 29, 2017",29-03-2017 19:30,29-03-2017 20:10,0:40,60,10.1,1,Wednesday,11.020522,76.966698,10.9987351,77.0319784,641012,Gandhipuram,641005,Singanallur
90,"Thursday, March 30, 2017",30-03-2017 19:50,30-03-2017 20:40,0:50,88,10,0,Thursday,11.020522,76.966698,10.9987351,77.0319784,641012,Gandhipuram,641005,Singanallur
91,"Friday, March 31, 2017",31-03-2017 14:10,31-03-2017 14:45,0:35,35,10.1,0,Friday,11.020522,76.966698,10.9987351,77.0319784,641012,Gandhipuram,641005,Singanallur
92,"Saturday, April 01, 2017",01-04-2017 6:30,01-04-2017 6:58,0:28,28,12.1,0,Saturday,11.020522,76.966698,11.0812183,76.941558,641012,Gandhipuram,641034,Thudiyalur
93,"Sunday, April 02, 2017",02-04-2017 15:00,02-04-2017 15:22,0:22,31,12.1,0,Sunday,11.020522,76.966698,11.0812183,76.941558,641012,Gandhipuram,641034,Thudiyalur
94,"Monday, April 03, 2017",03-04-2017 13:15,03-04-2017 13:41,0:26,63,12.1,0,Monday,11.020522,76.966698,11.0812183,76.941558,641012,Gandhipuram,641034,Thudiyalur
95,"Tuesday, April 04, 2017",04-04-2017 6:30,04-04-2017 6:45,0:15,20,12.1,0,Tuesday,11.020522,76.966698,11.0812183,76.941558,641012,Gandhipuram,641034,Thudiyalur
96,"Wednesday, April 05, 2017",05-04-2017 20:35,05-04-2017 21:05,0:30,68,12,0,Wednesday,11.020522,76.966698,11.0812183,76.941558,641012,Gandhipuram,641034,Thudiyalur
97,"Thursday, April 06, 2017",06-04-2017 13:15,06-04-2017 13:43,0:28,65,12,0,Thursday,11.020522,76.966698,11.0812183,76.941558,641012,Gandhipuram,641034,Thudiyalur
98,"Friday, April 07, 2017",07-04-2017 23:15,07-04-2017 23:40,0:25,62,12.1,0,Friday,11.020522,76.966698,11.0812183,76.941558,641012,Gandhipuram,641034,Thudiyalur
99,"Saturday, April 08, 2017",08-04-2017 17:15,08-04-2017 17:45,0:30,48,12.3,0,Saturday,11.020522,76.966698,11.0812183,76.941558,641012,Gandhipuram,641034,Thudiyalur
100,"Sunday, April 09, 2017",09-04-2017 19:30,09-04-2017 20:06,0:36,64,12,0,Sunday,11.020522,76.966698,11.0812183,76.941558,641012,Gandhipuram,641034,Thudiyalur
101,"Monday, April 10, 2017",10-04-2017 23:45,11-04-2017 0:03,0:18,39,12,0,Monday,11.020522,76.966698,11.0812183,76.941558,641012,Gandhipuram,641034,Thudiyalur
102,"Tuesday, April 11, 2017",11-04-2017 6:45,11-04-2017 7:05,0:20,18,12.1,0,Tuesday,11.020522,76.966698,11.0812183,76.941558,641012,Gandhipuram,641034,Thudiyalur
103,"Wednesday, April 12, 2017",12-04-2017 19:30,12-04-2017 20:10,0:40,78,12.1,0,Wednesday,11.020522,76.966698,11.0812183,76.941558,641012,Gandhipuram,641034,Thudiyalur
104,"Thursday, April 13, 2017",13-04-2017 19:50,13-04-2017 20:30,0:40,76,12.1,0,Thursday,11.020522,76.966698,11.0812183,76.941558,641012,Gandhipuram,641034,Thudiyalur
105,"Friday, April 14, 2017",14-04-2017 14:10,14-04-2017 14:32,0:22,49,12.1,1,Friday,11.020522,76.966698,11.0812183,76.941558,641012,Gandhipuram,641034,Thudiyalur
106,"Saturday, April 15, 2017",15-04-2017 6:30,15-04-2017 6:47,0:17,25,12.1,0,Saturday,11.020522,76.966698,11.0812183,76.941558,641012,Gandhipuram,641034,Thudiyalur
107,"Sunday, April 16, 2017",16-04-2017 15:00,16-04-2017 15:25,0:25,30,12.1,0,Sunday,11.020522,76.966698,11.0812183,76.941558,641012,Gandhipuram,641034,Thudiyalur
108,"Monday, April 17, 2017",17-04-2017 13:15,17-04-2017 13:40,0:25,61,12,0,Monday,11.020522,76.966698,11.0812183,76.941558,641012,Gandhipuram,641034,Thudiyalur
109,"Tuesday, April 18, 2017",18-04-2017 23:45,19-04-2017 0:03,0:18,8,12,0,Tuesday,11.020522,76.966698,11.0812183,76.941558,641012,Gandhipuram,641034,Thudiyalur
110,"Wednesday, April 19, 2017",19-04-2017 6:45,19-04-2017 7:05,0:20,23,12.1,0,Wednesday,11.020522,76.966698,11.0812183,76.941558,641012,Gandhipuram,641034,Thudiyalur
111,"Thursday, April 20, 2017",20-04-2017 19:30,20-04-2017 20:10,0:40,80,12.1,0,Thursday,11.020522,76.966698,11.0812183,76.941558,641012,Gandhipuram,641034,Thudiyalur
112,"Friday, April 21, 2017",21-04-2017 19:50,21-04-2017 20:25,0:35,81,12.1,0,Friday,11.020522,76.966698,11.0812183,76.941558,641012,Gandhipuram,641034,Thudiyalur
113,"Saturday, April 22, 2017",22-04-2017 20:15,22-04-2017 20:40,0:25,34,12.1,0,Saturday,11.020522,76.966698,11.0812183,76.941558,641012,Gandhipuram,641034,Thudiyalur
114,"Sunday, April 23, 2017",23-04-2017 21:20,23-04-2017 21:46,0:26,49,12,0,Sunday,11.020522,76.966698,11.0812183,76.941558,641012,Gandhipuram,641034,Thudiyalur
115,"Monday, April 24, 2017",24-04-2017 14:10,24-04-2017 14:36,0:26,64,12,0,Monday,11.020522,76.966698,11.0812183,76.941558,641012,Gandhipuram,641034,Thudiyalur
116,"Tuesday, April 25, 2017",25-04-2017 17:15,25-04-2017 17:53,0:38,78,12.1,0,Tuesday,11.020522,76.966698,11.0812183,76.941558,641012,Gandhipuram,641034,Thudiyalur
117,"Wednesday, April 26, 2017",26-04-2017 15:00,26-04-2017 15:25,0:25,48,12.1,0,Wednesday,11.020522,76.966698,11.0812183,76.941558,641012,Gandhipuram,641034,Thudiyalur
118,"Wednesday, April 26, 2017",26-04-2017 13:15,26-04-2017 13:50,0:35,61,12.3,0,Wednesday,11.020522,76.966698,11.0812183,76.941558,641012,Gandhipuram,641034,Thudiyalur
119,"Thursday, April 27, 2017",27-04-2017 20:15,27-04-2017 20:53,0:38,60,12.3,0,Thursday,11.020522,76.966698,11.0812183,76.941558,641012,Gandhipuram,641034,Thudiyalur
120,"Friday, April 28, 2017",28-04-2017 6:30,28-04-2017 6:48,0:18,39,12.1,0,Friday,11.020522,76.966698,11.0812183,76.941558,641012,Gandhipuram,641034,Thudiyalur
121,"Saturday, April 29, 2017",29-04-2017 20:35,29-04-2017 20:59,0:24,33,12.1,0,Saturday,11.020522,76.966698,11.0812183,76.941558,641012,Gandhipuram,641034,Thudiyalur
122,"Sunday, April 30, 2017",30-04-2017 13:15,30-04-2017 13:39,0:24,26,12.1,0,Sunday,11.020522,76.966698,11.0812183,76.941558,641012,Gandhipuram,641034,Thudiyalur
123,"Monday, May 01, 2017",01-05-2017 5:09,01-05-2017 5:37,0:28,10,9.9,0,Monday,11.020522,76.966698,10.9987351,77.0319784,641012,Gandhipuram,641005,Singanallur
124,"Tuesday, May 02, 2017",02-05-2017 15:40,02-05-2017 16:25,0:45,80,10.1,0,Tuesday,11.020522,76.966698,10.9987351,77.0319784,641012,Gandhipuram,641005,Singanallur
125,"Wednesday, May 03, 2017",03-05-2017 14:10,03-05-2017 14:50,0:40,53,10,0,Wednesday,11.020522,76.966698,10.9987351,77.0319784,641012,Gandhipuram,641005,Singanallur
126,"Thursday, May 04, 2017",04-05-2017 17:15,04-05-2017 17:58,0:43,85,10,0,Thursday,11.020522,76.966698,10.9987351,77.0319784,641012,Gandhipuram,641005,Singanallur
127,"Friday, May 05, 2017",05-05-2017 15:00,05-05-2017 15:35,0:35,52,10,0,Friday,11.020522,76.966698,10.9987351,77.0319784,641012,Gandhipuram,641005,Singanallur
128,"Saturday, May 06, 2017",06-05-2017 15:40,06-05-2017 16:15,0:35,56,10,0,Saturday,11.020522,76.966698,10.9987351,77.0319784,641012,Gandhipuram,641005,Singanallur
129,"Sunday, May 07, 2017",07-05-2017 9:30,07-05-2017 10:05,0:35,30,10,0,Sunday,11.020522,76.966698,10.9987351,77.0319784,641012,Gandhipuram,641005,Singanallur
130,"Monday, May 08, 2017",08-05-2017 8:20,08-05-2017 9:05,0:45,86,10,0,Monday,11.020522,76.966698,10.9987351,77.0319784,641012,Gandhipuram,641005,Singanallur
131,"Tuesday, May 09, 2017",09-05-2017 21:20,09-05-2017 22:00,0:40,52,10,0,Tuesday,11.020522,76.966698,10.9987351,77.0319784,641012,Gandhipuram,641005,Singanallur
132,"Wednesday, May 10, 2017",10-05-2017 14:10,10-05-2017 14:50,0:40,50,10,0,Wednesday,11.020522,76.966698,10.9987351,77.0319784,641012,Gandhipuram,641005,Singanallur
133,"Thursday, May 11, 2017",11-05-2017 17:15,11-05-2017 17:58,0:43,85,10,0,Thursday,11.020522,76.966698,10.9987351,77.0319784,641012,Gandhipuram,641005,Singanallur
134,"Friday, May 12, 2017",12-05-2017 15:00,12-05-2017 15:35,0:35,38,10,0,Friday,11.020522,76.966698,10.9987351,77.0319784,641012,Gandhipuram,641005,Singanallur
135,"Saturday, May 13, 2017",13-05-2017 15:40,13-05-2017 16:15,0:35,40,10,0,Saturday,11.020522,76.966698,10.9987351,77.0319784,641012,Gandhipuram,641005,Singanallur
136,"Sunday, May 14, 2017",14-05-2017 9:30,14-05-2017 10:05,0:35,30,10,0,Sunday,11.020522,76.966698,10.9987351,77.0319784,641012,Gandhipuram,641005,Singanallur
137,"Monday, May 15, 2017",15-05-2017 8:20,15-05-2017 9:05,0:45,89,10,0,Monday,11.020522,76.966698,10.9987351,77.0319784,641012,Gandhipuram,641005,Singanallur
138,"Tuesday, May 16, 2017",16-05-2017 21:20,16-05-2017 22:00,0:40,55,10,0,Tuesday,11.020522,76.966698,10.9987351,77.0319784,641012,Gandhipuram,641005,Singanallur
139,"Wednesday, May 17, 2017",17-05-2017 14:10,17-05-2017 14:50,0:40,50,10,0,Wednesday,11.020522,76.966698,10.9987351,77.0319784,641012,Gandhipuram,641005,Singanallur
140,"Thursday, May 18, 2017",18-05-2017 17:15,18-05-2017 17:58,0:43,83,10,0,Thursday,11.020522,76.966698,10.9987351,77.0319784,641012,Gandhipuram,641005,Singanallur
141,"Friday, May 19, 2017",19-05-2017 15:00,19-05-2017 15:35,0:35,35,10,0,Friday,11.020522,76.966698,10.9987351,77.0319784,641012,Gandhipuram,641005,Singanallur
142,"Saturday, May 20, 2017",20-05-2017 15:40,20-05-2017 16:15,0:35,60,10,0,Saturday,11.020522,76.966698,10.9987351,77.0319784,641012,Gandhipuram,641005,Singanallur
143,"Sunday, May 21, 2017",21-05-2017 9:30,21-05-2017 10:05,0:35,30,10,0,Sunday,11.020522,76.966698,10.9987351,77.0319784,641012,Gandhipuram,641005,Singanallur
144,"Monday, May 22, 2017",22-05-2017 8:20,22-05-2017 9:05,0:45,88,10,0,Monday,11.020522,76.966698,10.9987351,77.0319784,641012,Gandhipuram,641005,Singanallur
145,"Tuesday, May 23, 2017",23-05-2017 5:09,23-05-2017 5:37,0:28,10,10,0,Tuesday,11.020522,76.966698,10.9987351,77.0319784,641012,Gandhipuram,641005,Singanallur
146,"Wednesday, May 24, 2017",24-05-2017 21:20,24-05-2017 22:00,0:40,55,10,0,Wednesday,11.020522,76.966698,10.9987351,77.0319784,641012,Gandhipuram,641005,Singanallur
147,"Thursday, May 25, 2017",25-05-2017 14:10,25-05-2017 14:50,0:40,55,10.1,0,Thursday,11.020522,76.966698,10.9987351,77.0319784,641012,Gandhipuram,641005,Singanallur
148,"Friday, May 26, 2017",26-05-2017 17:15,26-05-2017 17:55,0:40,75,10.1,0,Friday,11.020522,76.966698,10.9987351,77.0319784,641012,Gandhipuram,641005,Singanallur
149,"Saturday, May 27, 2017",27-05-2017 15:00,27-05-2017 15:35,0:35,45,10.1,0,Saturday,11.020522,76.966698,10.9987351,77.0319784,641012,Gandhipuram,641005,Singanallur
150,"Sunday, May 28, 2017",28-05-2017 17:09,28-05-2017 17:49,0:40,48,10.1,0,Sunday,11.020522,76.966698,10.9987351,77.0319784,641012,Gandhipuram,641005,Singanallur
151,"Monday, May 29, 2017",29-05-2017 6:30,29-05-2017 7:00,0:30,25,10,0,Monday,11.020522,76.966698,10.9987351,77.0319784,641012,Gandhipuram,641005,Singanallur
152,"Wednesday, May 31, 2017",31-05-2017 13:15,31-05-2017 13:55,0:40,45,10.1,0,Wednesday,11.020522,76.966698,10.9987351,77.0319784,641012,Gandhipuram,641005,Singanallur
153,"Thursday, June 01, 2017",01-06-2017 5:09,01-06-2017 5:24,0:15,8,12.1,0,Thursday,11.020522,76.966698,11.0812183,76.941558,641012,Gandhipuram,641034,Thudiyalur
154,"Friday, June 02, 2017",02-06-2017 15:40,02-06-2017 16:06,0:26,75,12.1,0,Friday,11.020522,76.966698,11.0812183,76.941558,641012,Gandhipuram,641034,Thudiyalur
155,"Sunday, June 04, 2017",04-06-2017 8:20,04-06-2017 8:40,0:20,15,12,0,Sunday,11.020522,76.966698,11.0812183,76.941558,641012,Gandhipuram,641034,Thudiyalur
156,"Monday, June 05, 2017",05-06-2017 15:00,05-06-2017 15:24,0:24,49,12.1,0,Monday,11.020522,76.966698,11.0812183,76.941558,641012,Gandhipuram,641034,Thudiyalur
157,"Tuesday, June 06, 2017",06-06-2017 23:45,07-06-2017 0:02,0:17,5,12.1,0,Tuesday,11.020522,76.966698,11.0812183,76.941558,641012,Gandhipuram,641034,Thudiyalur
158,"Wednesday, June 07, 2017",07-06-2017 6:45,07-06-2017 7:05,0:20,21,12.1,0,Wednesday,11.020522,76.966698,11.0812183,76.941558,641012,Gandhipuram,641034,Thudiyalur
159,"Thursday, June 08, 2017",08-06-2017 20:35,08-06-2017 21:07,0:32,65,12.1,0,Thursday,11.020522,76.966698,11.0812183,76.941558,641012,Gandhipuram,641034,Thudiyalur
160,"Friday, June 09, 2017",09-06-2017 19:50,09-06-2017 20:28,0:38,87,12.1,0,Friday,11.020522,76.966698,11.0812183,76.941558,641012,Gandhipuram,641034,Thudiyalur
161,"Saturday, June 10, 2017",10-06-2017 23:15,10-06-2017 23:35,0:20,21,12.1,0,Saturday,11.020522,76.966698,11.0812183,76.941558,641012,Gandhipuram,641034,Thudiyalur
162,"Sunday, June 11, 2017",11-06-2017 6:30,11-06-2017 6:45,0:15,9,12.1,0,Sunday,11.020522,76.966698,11.0812183,76.941558,641012,Gandhipuram,641034,Thudiyalur
163,"Monday, June 12, 2017",12-06-2017 19:30,12-06-2017 20:10,0:40,84,12.1,0,Monday,11.020522,76.966698,11.0812183,76.941558,641012,Gandhipuram,641034,Thudiyalur
164,"Tuesday, June 13, 2017",13-06-2017 13:15,13-06-2017 13:51,0:36,56,12.1,0,Tuesday,11.020522,76.966698,11.0812183,76.941558,641012,Gandhipuram,641034,Thudiyalur
165,"Wednesday, June 14, 2017",14-06-2017 6:45,14-06-2017 7:03,0:18,16,12,0,Wednesday,11.020522,76.966698,11.0812183,76.941558,641012,Gandhipuram,641034,Thudiyalur
166,"Thursday, June 15, 2017",15-06-2017 20:35,15-06-2017 21:05,0:30,63,12,0,Thursday,11.020522,76.966698,11.0812183,76.941558,641012,Gandhipuram,641034,Thudiyalur
167,"Friday, June 16, 2017",16-06-2017 13:15,16-06-2017 13:43,0:28,59,12.1,0,Friday,11.020522,76.966698,11.0812183,76.941558,641012,Gandhipuram,641034,Thudiyalur
168,"Saturday, June 17, 2017",17-06-2017 14:10,17-06-2017 14:39,0:29,20,12,0,Saturday,11.020522,76.966698,11.0812183,76.941558,641012,Gandhipuram,641034,Thudiyalur
169,"Monday, June 19, 2017",19-06-2017 15:00,19-06-2017 15:27,0:27,53,12,0,Monday,11.020522,76.966698,11.0812183,76.941558,641012,Gandhipuram,641034,Thudiyalur
170,"Wednesday, June 21, 2017",21-06-2017 6:30,21-06-2017 6:45,0:15,20,12.1,0,Wednesday,11.020522,76.966698,11.0812183,76.941558,641012,Gandhipuram,641034,Thudiyalur
171,"Thursday, June 22, 2017",22-06-2017 20:35,22-06-2017 21:04,0:29,67,12.1,0,Thursday,11.020522,76.966698,11.0812183,76.941558,641012,Gandhipuram,641034,Thudiyalur
172,"Friday, June 23, 2017",23-06-2017 13:15,23-06-2017 13:42,0:27,58,12.1,0,Friday,11.020522,76.966698,11.0812183,76.941558,641012,Gandhipuram,641034,Thudiyalur
173,"Saturday, June 24, 2017",24-06-2017 23:15,24-06-2017 23:35,0:20,18,12.1,0,Saturday,11.020522,76.966698,11.0812183,76.941558,641012,Gandhipuram,641034,Thudiyalur
174,"Sunday, June 25, 2017",25-06-2017 17:15,25-06-2017 17:46,0:31,66,12.1,1,Sunday,11.020522,76.966698,11.0812183,76.941558,641012,Gandhipuram,641034,Thudiyalur
175,"Monday, June 26, 2017",26-06-2017 19:30,26-06-2017 20:12,0:42,89,12.1,0,Monday,11.020522,76.966698,11.0812183,76.941558,641012,Gandhipuram,641034,Thudiyalur
176,"Tuesday, June 27, 2017",27-06-2017 9:10,27-06-2017 9:50,0:40,90,12.1,0,Tuesday,11.020522,76.966698,11.0812183,76.941558,641012,Gandhipuram,641034,Thudiyalur
177,"Wednesday, June 28, 2017",28-06-2017 17:09,28-06-2017 17:48,0:39,73,12.1,0,Wednesday,11.020522,76.966698,11.0812183,76.941558,641012,Gandhipuram,641034,Thudiyalur
178,"Thursday, June 29, 2017",29-06-2017 6:30,29-06-2017 6:46,0:16,18,12.1,0,Thursday,11.020522,76.966698,11.0812183,76.941558,641012,Gandhipuram,641034,Thudiyalur
179,"Friday, June 30, 2017",30-06-2017 20:35,30-06-2017 21:11,0:36,80,12,0,Friday,11.020522,76.966698,11.0812183,76.941558,641012,Gandhipuram,641034,Thudiyalur
180,"Saturday, July 01, 2017",01-07-2017 19:50,01-07-2017 20:16,0:26,46,5.9,0,Saturday,11.020522,76.966698,10.9963653,76.9672218,641012,Gandhipuram,641018,Railway
181,"Saturday, July 01, 2017",01-07-2017 8:20,01-07-2017 8:39,0:19,48,5.9,0,Saturday,11.020522,76.966698,10.9963653,76.9672218,641012,Gandhipuram,641018,Railway
182,"Saturday, July 01, 2017",01-07-2017 15:00,01-07-2017 15:19,0:19,57,5.9,0,Saturday,11.020522,76.966698,10.9963653,76.9672218,641012,Gandhipuram,641018,Railway
183,"Saturday, July 01, 2017",01-07-2017 13:15,01-07-2017 13:35,0:20,66,5.9,0,Saturday,11.020522,76.966698,10.9963653,76.9672218,641012,Gandhipuram,641018,Railway
184,"Sunday, July 02, 2017",02-07-2017 5:09,02-07-2017 5:34,0:25,5,5.9,0,Sunday,11.020522,76.966698,10.9963653,76.9672218,641012,Gandhipuram,641018,Railway
185,"Sunday, July 02, 2017",02-07-2017 9:10,02-07-2017 9:34,0:24,40,5.9,0,Sunday,11.020522,76.966698,10.9963653,76.9672218,641012,Gandhipuram,641018,Railway
186,"Sunday, July 02, 2017",02-07-2017 17:09,02-07-2017 17:39,0:30,45,5.9,0,Sunday,11.020522,76.966698,10.9963653,76.9672218,641012,Gandhipuram,641018,Railway
187,"Sunday, July 02, 2017",02-07-2017 20:15,02-07-2017 20:38,0:23,60,5.9,0,Sunday,11.020522,76.966698,10.9963653,76.9672218,641012,Gandhipuram,641018,Railway
188,"Monday, July 03, 2017",03-07-2017 21:20,03-07-2017 21:40,0:20,55,5.9,0,Monday,11.020522,76.966698,10.9963653,76.9672218,641012,Gandhipuram,641018,Railway
189,"Monday, July 03, 2017",03-07-2017 23:45,04-07-2017 0:04,0:19,14,5.9,0,Monday,11.020522,76.966698,10.9963653,76.9672218,641012,Gandhipuram,641018,Railway
190,"Monday, July 03, 2017",03-07-2017 6:45,03-07-2017 7:01,0:16,67,5.9,0,Monday,11.020522,76.966698,10.9963653,76.9672218,641012,Gandhipuram,641018,Railway
191,"Monday, July 03, 2017",03-07-2017 15:40,03-07-2017 16:04,0:24,45,5.9,0,Monday,11.020522,76.966698,10.9963653,76.9672218,641012,Gandhipuram,641018,Railway
192,"Tuesday, July 04, 2017",04-07-2017 14:10,04-07-2017 14:30,0:20,46,5.9,0,Tuesday,11.020522,76.966698,10.9963653,76.9672218,641012,Gandhipuram,641018,Railway
193,"Tuesday, July 04, 2017",04-07-2017 6:30,04-07-2017 6:46,0:16,65,5.9,0,Tuesday,11.020522,76.966698,10.9963653,76.9672218,641012,Gandhipuram,641018,Railway
194,"Tuesday, July 04, 2017",04-07-2017 20:35,04-07-2017 20:51,0:16,57,5.9,0,Tuesday,11.020522,76.966698,10.9963653,76.9672218,641012,Gandhipuram,641018,Railway
195,"Tuesday, July 04, 2017",04-07-2017 9:30,04-07-2017 9:59,0:29,63,5.9,0,Tuesday,11.020522,76.966698,10.9963653,76.9672218,641012,Gandhipuram,641018,Railway
196,"Wednesday, July 05, 2017",05-07-2017 17:15,05-07-2017 17:39,0:24,38,5.9,0,Wednesday,11.020522,76.966698,10.9963653,76.9672218,641012,Gandhipuram,641018,Railway
197,"Wednesday, July 05, 2017",05-07-2017 19:30,05-07-2017 19:45,0:15,64,5.9,0,Wednesday,11.020522,76.966698,10.9963653,76.9672218,641012,Gandhipuram,641018,Railway
198,"Wednesday, July 05, 2017",05-07-2017 19:50,05-07-2017 20:09,0:19,67,5.9,0,Wednesday,11.020522,76.966698,10.9963653,76.9672218,641012,Gandhipuram,641018,Railway
199,"Wednesday, July 05, 2017",05-07-2017 8:20,05-07-2017 8:42,0:22,67,5.9,0,Wednesday,11.020522,76.966698,10.9963653,76.9672218,641012,Gandhipuram,641018,Railway
200,"Thursday, July 06, 2017",06-07-2017 15:00,06-07-2017 15:23,0:23,46,5.9,0,Thursday,11.020522,76.966698,10.9963653,76.9672218,641012,Gandhipuram,641018,Railway
201,"Thursday, July 06, 2017",06-07-2017 13:15,06-07-2017 13:34,0:19,43,5.9,0,Thursday,11.020522,76.966698,10.9963653,76.9672218,641012,Gandhipuram,641018,Railway
202,"Thursday, July 06, 2017",06-07-2017 5:09,06-07-2017 5:25,0:16,22,5.9,0,Thursday,11.020522,76.966698,10.9963653,76.9672218,641012,Gandhipuram,641018,Railway
203,"Thursday, July 06, 2017",06-07-2017 9:10,06-07-2017 9:34,0:24,54,5.9,0,Thursday,11.020522,76.966698,10.9963653,76.9672218,641012,Gandhipuram,641018,Railway
204,"Friday, July 07, 2017",07-07-2017 17:09,07-07-2017 17:34,0:25,55,5.9,0,Friday,11.020522,76.966698,10.9963653,76.9672218,641012,Gandhipuram,641018,Railway
205,"Friday, July 07, 2017",07-07-2017 20:15,07-07-2017 20:35,0:20,60,5.9,0,Friday,11.020522,76.966698,10.9963653,76.9672218,641012,Gandhipuram,641018,Railway
206,"Friday, July 07, 2017",07-07-2017 21:20,07-07-2017 21:39,0:19,57,5.9,0,Friday,11.020522,76.966698,10.9963653,76.9672218,641012,Gandhipuram,641018,Railway
207,"Friday, July 07, 2017",07-07-2017 23:45,08-07-2017 0:00,0:15,20,5.9,0,Friday,11.020522,76.966698,10.9963653,76.9672218,641012,Gandhipuram,641018,Railway
208,"Saturday, July 08, 2017",08-07-2017 6:45,08-07-2017 6:58,0:13,16,5.9,0,Saturday,11.020522,76.966698,10.9963653,76.9672218,641012,Gandhipuram,641018,Railway
209,"Saturday, July 08, 2017",08-07-2017 15:40,08-07-2017 16:03,0:23,35,5.9,0,Saturday,11.020522,76.966698,10.9963653,76.9672218,641012,Gandhipuram,641018,Railway
210,"Saturday, July 08, 2017",08-07-2017 14:10,08-07-2017 14:29,0:19,46,5.9,0,Saturday,11.020522,76.966698,10.9963653,76.9672218,641012,Gandhipuram,641018,Railway
211,"Saturday, July 08, 2017",08-07-2017 6:30,08-07-2017 6:43,0:13,13,5.9,0,Saturday,11.020522,76.966698,10.9963653,76.9672218,641012,Gandhipuram,641018,Railway
212,"Sunday, July 09, 2017",09-07-2017 20:35,09-07-2017 20:58,0:23,60,5.9,0,Sunday,11.020522,76.966698,10.9963653,76.9672218,641012,Gandhipuram,641018,Railway
213,"Sunday, July 09, 2017",09-07-2017 9:30,09-07-2017 9:52,0:22,60,5.9,0,Sunday,11.020522,76.966698,10.9963653,76.9672218,641012,Gandhipuram,641018,Railway
214,"Sunday, July 09, 2017",09-07-2017 17:15,09-07-2017 17:40,0:25,30,5.9,0,Sunday,11.020522,76.966698,10.9963653,76.9672218,641012,Gandhipuram,641018,Railway
215,"Sunday, July 09, 2017",09-07-2017 19:30,09-07-2017 19:56,0:26,40,5.9,0,Sunday,11.020522,76.966698,10.9963653,76.9672218,641012,Gandhipuram,641018,Railway
216,"Monday, July 10, 2017",10-07-2017 19:50,10-07-2017 20:15,0:25,63,5.9,0,Monday,11.020522,76.966698,10.9963653,76.9672218,641012,Gandhipuram,641018,Railway
217,"Monday, July 10, 2017",10-07-2017 8:20,10-07-2017 8:44,0:24,47,5.9,0,Monday,11.020522,76.966698,10.9963653,76.9672218,641012,Gandhipuram,641018,Railway
218,"Monday, July 10, 2017",10-07-2017 15:00,10-07-2017 15:23,0:23,43,5.9,0,Monday,11.020522,76.966698,10.9963653,76.9672218,641012,Gandhipuram,641018,Railway
219,"Monday, July 10, 2017",10-07-2017 13:15,10-07-2017 13:38,0:23,38,5.9,0,Monday,11.020522,76.966698,10.9963653,76.9672218,641012,Gandhipuram,641018,Railway
220,"Tuesday, July 11, 2017",11-07-2017 5:09,11-07-2017 5:35,0:26,59,5.9,0,Tuesday,11.020522,76.966698,10.9963653,76.9672218,641012,Gandhipuram,641018,Railway
221,"Tuesday, July 11, 2017",11-07-2017 9:10,11-07-2017 9:36,0:26,58,5.9,0,Tuesday,11.020522,76.966698,10.9963653,76.9672218,641012,Gandhipuram,641018,Railway
222,"Tuesday, July 11, 2017",11-07-2017 17:09,11-07-2017 17:32,0:23,61,5.9,0,Tuesday,11.020522,76.966698,10.9963653,76.9672218,641012,Gandhipuram,641018,Railway
223,"Tuesday, July 11, 2017",11-07-2017 20:15,11-07-2017 20:41,0:26,56,5.9,0,Tuesday,11.020522,76.966698,10.9963653,76.9672218,641012,Gandhipuram,641018,Railway
224,"Wednesday, July 12, 2017",12-07-2017 21:20,12-07-2017 21:43,0:23,62,5.9,0,Wednesday,11.020522,76.966698,10.9963653,76.9672218,641012,Gandhipuram,641018,Railway
225,"Wednesday, July 12, 2017",12-07-2017 23:45,13-07-2017 0:05,0:20,14,5.9,0,Wednesday,11.020522,76.966698,10.9963653,76.9672218,641012,Gandhipuram,641018,Railway
226,"Wednesday, July 12, 2017",12-07-2017 6:45,12-07-2017 7:02,0:17,65,5.9,0,Wednesday,11.020522,76.966698,10.9963653,76.9672218,641012,Gandhipuram,641018,Railway
227,"Wednesday, July 12, 2017",12-07-2017 15:40,12-07-2017 16:04,0:24,59,5.9,0,Wednesday,11.020522,76.966698,10.9963653,76.9672218,641012,Gandhipuram,641018,Railway
228,"Thursday, July 13, 2017",13-07-2017 14:10,13-07-2017 14:30,0:20,43,5.9,0,Thursday,11.020522,76.966698,10.9963653,76.9672218,641012,Gandhipuram,641018,Railway
229,"Thursday, July 13, 2017",13-07-2017 6:30,13-07-2017 6:50,0:20,54,5.9,0,Thursday,11.020522,76.966698,10.9963653,76.9672218,641012,Gandhipuram,641018,Railway
230,"Thursday, July 13, 2017",13-07-2017 20:35,13-07-2017 21:02,0:27,47,5.9,0,Thursday,11.020522,76.966698,10.9963653,76.9672218,641012,Gandhipuram,641018,Railway
231,"Thursday, July 13, 2017",13-07-2017 9:30,13-07-2017 10:00,0:30,43,5.9,0,Thursday,11.020522,76.966698,10.9963653,76.9672218,641012,Gandhipuram,641018,Railway
232,"Friday, July 14, 2017",14-07-2017 17:15,14-07-2017 17:37,0:22,62,5.9,0,Friday,11.020522,76.966698,10.9963653,76.9672218,641012,Gandhipuram,641018,Railway
233,"Friday, July 14, 2017",14-07-2017 19:30,14-07-2017 19:55,0:25,70,5.9,0,Friday,11.020522,76.966698,10.9963653,76.9672218,641012,Gandhipuram,641018,Railway
234,"Friday, July 14, 2017",14-07-2017 19:50,14-07-2017 20:14,0:24,76,5.9,0,Friday,11.020522,76.966698,10.9963653,76.9672218,641012,Gandhipuram,641018,Railway
235,"Friday, July 14, 2017",14-07-2017 8:20,14-07-2017 8:40,0:20,70,5.9,0,Friday,11.020522,76.966698,10.9963653,76.9672218,641012,Gandhipuram,641018,Railway
236,"Saturday, July 15, 2017",15-07-2017 15:00,15-07-2017 15:24,0:24,60,5.9,0,Saturday,11.020522,76.966698,10.9963653,76.9672218,641012,Gandhipuram,641018,Railway
237,"Saturday, July 15, 2017",15-07-2017 13:15,15-07-2017 13:34,0:19,57,5.9,0,Saturday,11.020522,76.966698,10.9963653,76.9672218,641012,Gandhipuram,641018,Railway
238,"Saturday, July 15, 2017",15-07-2017 23:15,15-07-2017 23:29,0:14,35,5.9,0,Saturday,11.020522,76.966698,10.9963653,76.9672218,641012,Gandhipuram,641018,Railway
239,"Saturday, July 15, 2017",15-07-2017 6:45,15-07-2017 6:59,0:14,14,5.9,0,Saturday,11.020522,76.966698,10.9963653,76.9672218,641012,Gandhipuram,641018,Railway
240,"Sunday, July 16, 2017",16-07-2017 15:40,16-07-2017 16:03,0:23,57,5.9,0,Sunday,11.020522,76.966698,10.9963653,76.9672218,641012,Gandhipuram,641018,Railway
241,"Sunday, July 16, 2017",16-07-2017 14:10,16-07-2017 14:33,0:23,68,5.9,0,Sunday,11.020522,76.966698,10.9963653,76.9672218,641012,Gandhipuram,641018,Railway
242,"Sunday, July 16, 2017",16-07-2017 6:30,16-07-2017 6:45,0:15,15,5.9,0,Sunday,11.020522,76.966698,10.9963653,76.9672218,641012,Gandhipuram,641018,Railway
243,"Sunday, July 16, 2017",16-07-2017 20:35,16-07-2017 20:57,0:22,79,5.9,0,Sunday,11.020522,76.966698,10.9963653,76.9672218,641012,Gandhipuram,641018,Railway
244,"Monday, July 17, 2017",17-07-2017 9:30,17-07-2017 9:57,0:27,62,5.9,0,Monday,11.020522,76.966698,10.9963653,76.9672218,641012,Gandhipuram,641018,Railway
245,"Monday, July 17, 2017",17-07-2017 17:15,17-07-2017 17:39,0:24,57,5.9,0,Monday,11.020522,76.966698,10.9963653,76.9672218,641012,Gandhipuram,641018,Railway
246,"Monday, July 17, 2017",17-07-2017 19:30,17-07-2017 19:53,0:23,47,5.9,0,Monday,11.020522,76.966698,10.9963653,76.9672218,641012,Gandhipuram,641018,Railway
247,"Monday, July 17, 2017",17-07-2017 19:50,17-07-2017 20:10,0:20,39,5.9,0,Monday,11.020522,76.966698,10.9963653,76.9672218,641012,Gandhipuram,641018,Railway
248,"Tuesday, July 18, 2017",18-07-2017 8:20,18-07-2017 8:42,0:22,49,5.9,0,Tuesday,11.020522,76.966698,10.9963653,76.9672218,641012,Gandhipuram,641018,Railway
249,"Tuesday, July 18, 2017",18-07-2017 15:00,18-07-2017 15:19,0:19,43,5.9,0,Tuesday,11.020522,76.966698,10.9963653,76.9672218,641012,Gandhipuram,641018,Railway
250,"Tuesday, July 18, 2017",18-07-2017 13:15,18-07-2017 13:39,0:24,46,5.9,0,Tuesday,11.020522,76.966698,10.9963653,76.9672218,641012,Gandhipuram,641018,Railway
251,"Tuesday, July 18, 2017",18-07-2017 23:15,18-07-2017 23:33,0:18,28,5.9,0,Tuesday,11.020522,76.966698,10.9963653,76.9672218,641012,Gandhipuram,641018,Railway
252,"Wednesday, July 19, 2017",19-07-2017 21:20,19-07-2017 21:40,0:20,36,5.9,0,Wednesday,11.020522,76.966698,10.9963653,76.9672218,641012,Gandhipuram,641018,Railway
253,"Thursday, July 20, 2017",20-07-2017 14:10,20-07-2017 14:28,0:18,47,5.9,0,Thursday,11.020522,76.966698,10.9963653,76.9672218,641012,Gandhipuram,641018,Railway
254,"Friday, July 21, 2017",21-07-2017 17:15,21-07-2017 17:38,0:23,72,5.9,0,Friday,11.020522,76.966698,10.9963653,76.9672218,641012,Gandhipuram,641018,Railway
255,"Friday, July 21, 2017",21-07-2017 19:30,21-07-2017 19:55,0:25,65,5.9,0,Friday,11.020522,76.966698,10.9963653,76.9672218,641012,Gandhipuram,641018,Railway
256,"Friday, July 21, 2017",21-07-2017 19:50,21-07-2017 20:13,0:23,80,5.9,0,Friday,11.020522,76.966698,10.9963653,76.9672218,641012,Gandhipuram,641018,Railway
257,"Friday, July 21, 2017",21-07-2017 8:20,21-07-2017 8:40,0:20,74,5.9,0,Friday,11.020522,76.966698,10.9963653,76.9672218,641012,Gandhipuram,641018,Railway
258,"Saturday, July 22, 2017",22-07-2017 15:00,22-07-2017 15:17,0:17,79,5.9,0,Saturday,11.020522,76.966698,10.9963653,76.9672218,641012,Gandhipuram,641018,Railway
259,"Saturday, July 22, 2017",22-07-2017 13:15,22-07-2017 13:34,0:19,68,5.9,0,Saturday,11.020522,76.966698,10.9963653,76.9672218,641012,Gandhipuram,641018,Railway
260,"Saturday, July 22, 2017",22-07-2017 23:15,22-07-2017 23:33,0:18,30,5.9,0,Saturday,11.020522,76.966698,10.9963653,76.9672218,641012,Gandhipuram,641018,Railway
261,"Saturday, July 22, 2017",22-07-2017 6:45,22-07-2017 6:59,0:14,15,5.9,0,Saturday,11.020522,76.966698,10.9963653,76.9672218,641012,Gandhipuram,641018,Railway
262,"Sunday, July 23, 2017",23-07-2017 15:40,23-07-2017 16:14,0:34,70,5.9,0,Sunday,11.020522,76.966698,10.9963653,76.9672218,641012,Gandhipuram,641018,Railway
263,"Sunday, July 23, 2017",23-07-2017 14:10,23-07-2017 14:33,0:23,57,5.9,0,Sunday,11.020522,76.966698,10.9963653,76.9672218,641012,Gandhipuram,641018,Railway
264,"Sunday, July 23, 2017",23-07-2017 6:30,23-07-2017 6:44,0:14,10,5.9,0,Sunday,11.020522,76.966698,10.9963653,76.9672218,641012,Gandhipuram,641018,Railway
265,"Sunday, July 23, 2017",23-07-2017 20:35,23-07-2017 21:01,0:26,60,5.9,0,Sunday,11.020522,76.966698,10.9963653,76.9672218,641012,Gandhipuram,641018,Railway
266,"Monday, July 24, 2017",24-07-2017 9:30,24-07-2017 9:54,0:24,53,5.9,0,Monday,11.020522,76.966698,10.9963653,76.9672218,641012,Gandhipuram,641018,Railway
267,"Tuesday, July 25, 2017",25-07-2017 8:20,25-07-2017 8:43,0:23,49,5.9,0,Tuesday,11.020522,76.966698,10.9963653,76.9672218,641012,Gandhipuram,641018,Railway
268,"Wednesday, July 26, 2017",26-07-2017 15:40,26-07-2017 15:57,0:17,44,5.9,0,Wednesday,11.020522,76.966698,10.9963653,76.9672218,641012,Gandhipuram,641018,Railway
269,"Thursday, July 27, 2017",27-07-2017 14:10,27-07-2017 14:30,0:20,39,5.9,0,Thursday,11.020522,76.966698,10.9963653,76.9672218,641012,Gandhipuram,641018,Railway
270,"Friday, July 28, 2017",28-07-2017 17:15,28-07-2017 17:40,0:25,60,5.9,0,Friday,11.020522,76.966698,10.9963653,76.9672218,641012,Gandhipuram,641018,Railway
271,"Friday, July 28, 2017",28-07-2017 19:30,28-07-2017 19:55,0:25,72,5.9,0,Friday,11.020522,76.966698,10.9963653,76.9672218,641012,Gandhipuram,641018,Railway
272,"Friday, July 28, 2017",28-07-2017 19:50,28-07-2017 20:13,0:23,75,5.9,0,Friday,11.020522,76.966698,10.9963653,76.9672218,641012,Gandhipuram,641018,Railway
273,"Friday, July 28, 2017",28-07-2017 8:20,28-07-2017 8:40,0:20,80,5.9,0,Friday,11.020522,76.966698,10.9963653,76.9672218,641012,Gandhipuram,641018,Railway
274,"Saturday, July 29, 2017",29-07-2017 15:00,29-07-2017 15:21,0:21,57,5.9,0,Saturday,11.020522,76.966698,10.9963653,76.9672218,641012,Gandhipuram,641018,Railway
275,"Saturday, July 29, 2017",29-07-2017 13:15,29-07-2017 13:38,0:23,35,5.9,0,Saturday,11.020522,76.966698,10.9963653,76.9672218,641012,Gandhipuram,641018,Railway
276,"Saturday, July 29, 2017",29-07-2017 23:15,29-07-2017 23:31,0:16,58,5.9,0,Saturday,11.020522,76.966698,10.9963653,76.9672218,641012,Gandhipuram,641018,Railway
277,"Saturday, July 29, 2017",29-07-2017 6:45,29-07-2017 7:00,0:15,27,5.9,0,Saturday,11.020522,76.966698,10.9963653,76.9672218,641012,Gandhipuram,641018,Railway
278,"Sunday, July 30, 2017",30-07-2017 15:40,30-07-2017 16:03,0:23,76,5.9,0,Sunday,11.020522,76.966698,10.9963653,76.9672218,641012,Gandhipuram,641018,Railway
279,"Sunday, July 30, 2017",30-07-2017 14:10,30-07-2017 14:33,0:23,35,5.9,0,Sunday,11.020522,76.966698,10.9963653,76.9672218,641012,Gandhipuram,641018,Railway
280,"Sunday, July 30, 2017",30-07-2017 6:30,30-07-2017 6:45,0:15,14,5.9,0,Sunday,11.020522,76.966698,10.9963653,76.9672218,641012,Gandhipuram,641018,Railway
281,"Sunday, July 30, 2017",30-07-2017 20:35,30-07-2017 21:03,0:28,59,5.9,0,Sunday,11.020522,76.966698,10.9963653,76.9672218,641012,Gandhipuram,641018,Railway
282,"Monday, July 31, 2017",31-07-2017 9:30,31-07-2017 9:55,0:25,51,5.9,0,Monday,11.020522,76.966698,10.9963653,76.9672218,641012,Gandhipuram,641018,Railway
283,"Tuesday, August 01, 2017",01-08-2017 8:20,01-08-2017 8:55,0:35,78,8.1,0,Tuesday,11.020522,76.966698,11.076375,77.002984,641012,Gandhipuram,641035,Saravanampatti
284,"Wednesday, August 02, 2017",02-08-2017 5:09,02-08-2017 5:37,0:28,70,8.1,0,Wednesday,11.020522,76.966698,11.076375,77.002984,641012,Gandhipuram,641035,Saravanampatti
285,"Thursday, August 03, 2017",03-08-2017 21:20,03-08-2017 21:52,0:32,67,8.1,0,Thursday,11.020522,76.966698,11.076375,77.002984,641012,Gandhipuram,641035,Saravanampatti
286,"Friday, August 04, 2017",04-08-2017 14:10,04-08-2017 14:46,0:36,67,8.1,0,Friday,11.020522,76.966698,11.076375,77.002984,641012,Gandhipuram,641035,Saravanampatti
287,"Saturday, August 05, 2017",05-08-2017 17:15,05-08-2017 17:53,0:38,58,8.1,0,Saturday,11.020522,76.966698,11.076375,77.002984,641012,Gandhipuram,641035,Saravanampatti
288,"Sunday, August 06, 2017",06-08-2017 15:00,06-08-2017 15:38,0:38,79,8.1,0,Sunday,11.020522,76.966698,11.076375,77.002984,641012,Gandhipuram,641035,Saravanampatti
289,"Monday, August 07, 2017",07-08-2017 17:09,07-08-2017 17:49,0:40,63,8.1,0,Monday,11.020522,76.966698,11.076375,77.002984,641012,Gandhipuram,641035,Saravanampatti
290,"Tuesday, August 08, 2017",08-08-2017 6:45,08-08-2017 7:12,0:27,38,8.1,0,Tuesday,11.020522,76.966698,11.076375,77.002984,641012,Gandhipuram,641035,Saravanampatti
291,"Wednesday, August 09, 2017",09-08-2017 20:35,09-08-2017 21:14,0:39,72,8.1,0,Wednesday,11.020522,76.966698,11.076375,77.002984,641012,Gandhipuram,641035,Saravanampatti
292,"Thursday, August 10, 2017",10-08-2017 19:50,10-08-2017 20:31,0:41,67,8.1,0,Thursday,11.020522,76.966698,11.076375,77.002984,641012,Gandhipuram,641035,Saravanampatti
293,"Friday, August 11, 2017",11-08-2017 5:09,11-08-2017 5:50,0:41,68,8.1,0,Friday,11.020522,76.966698,11.076375,77.002984,641012,Gandhipuram,641035,Saravanampatti
294,"Saturday, August 12, 2017",12-08-2017 21:20,12-08-2017 22:02,0:42,50,8.1,0,Saturday,11.020522,76.966698,11.076375,77.002984,641012,Gandhipuram,641035,Saravanampatti
295,"Sunday, August 13, 2017",13-08-2017 14:10,13-08-2017 14:50,0:40,45,8.1,0,Sunday,11.020522,76.966698,11.076375,77.002984,641012,Gandhipuram,641035,Saravanampatti
296,"Monday, August 14, 2017",14-08-2017 19:30,14-08-2017 20:12,0:42,65,8.3,0,Monday,11.020522,76.966698,11.076375,77.002984,641012,Gandhipuram,641035,Saravanampatti
297,"Tuesday, August 15, 2017",15-08-2017 5:09,15-08-2017 6:04,0:55,70,7.9,1,Tuesday,11.020522,76.966698,11.076375,77.002984,641012,Gandhipuram,641035,Saravanampatti
298,"Tuesday, August 15, 2017",15-08-2017 9:10,15-08-2017 9:55,0:45,79,8.5,1,Tuesday,11.020522,76.966698,11.076375,77.002984,641012,Gandhipuram,641035,Saravanampatti
299,"Wednesday, August 16, 2017",16-08-2017 17:09,16-08-2017 17:52,0:43,64,8.1,0,Wednesday,11.020522,76.966698,11.076375,77.002984,641012,Gandhipuram,641035,Saravanampatti
300,"Thursday, August 17, 2017",17-08-2017 15:40,17-08-2017 16:18,0:38,70,8.3,0,Thursday,11.020522,76.966698,11.076375,77.002984,641012,Gandhipuram,641035,Saravanampatti
301,"Friday, August 18, 2017",18-08-2017 17:15,18-08-2017 18:04,0:49,45,7.9,0,Friday,11.020522,76.966698,11.076375,77.002984,641012,Gandhipuram,641035,Saravanampatti
302,"Friday, August 18, 2017",18-08-2017 19:30,18-08-2017 20:15,0:45,73,8.5,0,Friday,11.020522,76.966698,11.076375,77.002984,641012,Gandhipuram,641035,Saravanampatti
303,"Saturday, August 19, 2017",19-08-2017 13:15,19-08-2017 13:52,0:37,49,8.5,0,Saturday,11.020522,76.966698,11.076375,77.002984,641012,Gandhipuram,641035,Saravanampatti
304,"Sunday, August 20, 2017",20-08-2017 23:15,20-08-2017 23:47,0:32,47,8.1,0,Sunday,11.020522,76.966698,11.076375,77.002984,641012,Gandhipuram,641035,Saravanampatti
305,"Monday, August 21, 2017",21-08-2017 17:15,21-08-2017 17:49,0:34,47,8.5,0,Monday,11.020522,76.966698,11.076375,77.002984,641012,Gandhipuram,641035,Saravanampatti
306,"Wednesday, August 23, 2017",23-08-2017 23:45,24-08-2017 0:11,0:26,23,8.5,0,Wednesday,11.020522,76.966698,11.076375,77.002984,641012,Gandhipuram,641035,Saravanampatti
307,"Friday, August 25, 2017",25-08-2017 19:30,25-08-2017 20:23,0:53,66,8.1,1,Friday,11.020522,76.966698,11.076375,77.002984,641012,Gandhipuram,641035,Saravanampatti
308,"Sunday, August 27, 2017",27-08-2017 15:40,27-08-2017 16:16,0:36,55,8.5,0,Sunday,11.020522,76.966698,11.076375,77.002984,641012,Gandhipuram,641035,Saravanampatti
309,"Sunday, August 27, 2017",27-08-2017 14:10,27-08-2017 14:48,0:38,68,8.1,0,Sunday,11.020522,76.966698,11.076375,77.002984,641012,Gandhipuram,641035,Saravanampatti
310,"Monday, August 28, 2017",28-08-2017 6:30,28-08-2017 6:55,0:25,23,8.3,0,Monday,11.020522,76.966698,11.076375,77.002984,641012,Gandhipuram,641035,Saravanampatti
311,"Tuesday, August 29, 2017",29-08-2017 15:00,29-08-2017 15:34,0:34,54,8.1,0,Tuesday,11.020522,76.966698,11.076375,77.002984,641012,Gandhipuram,641035,Saravanampatti
312,"Wednesday, August 30, 2017",30-08-2017 13:15,30-08-2017 13:48,0:33,45,8.3,0,Wednesday,11.020522,76.966698,11.076375,77.002984,641012,Gandhipuram,641035,Saravanampatti
313,"Thursday, August 31, 2017",31-08-2017 6:30,31-08-2017 6:59,0:29,29,8.5,0,Thursday,11.020522,76.966698,11.076375,77.002984,641012,Gandhipuram,641035,Saravanampatti
314,"Friday, September 01, 2017",01-09-2017 20:35,01-09-2017 21:00,0:25,80,5.9,1,Friday,11.020522,76.966698,10.9963653,76.9672218,641012,Gandhipuram,641018,Railway
315,"Friday, September 01, 2017",01-09-2017 9:30,01-09-2017 9:55,0:25,72,5.9,1,Friday,11.020522,76.966698,10.9963653,76.9672218,641012,Gandhipuram,641018,Railway
316,"Friday, September 01, 2017",01-09-2017 17:15,01-09-2017 17:38,0:23,80,5.9,1,Friday,11.020522,76.966698,10.9963653,76.9672218,641012,Gandhipuram,641018,Railway
317,"Friday, September 01, 2017",01-09-2017 19:30,01-09-2017 19:52,0:22,85,5.9,1,Friday,11.020522,76.966698,10.9963653,76.9672218,641012,Gandhipuram,641018,Railway
318,"Saturday, September 02, 2017",02-09-2017 19:50,02-09-2017 20:15,0:25,35,5.9,0,Saturday,11.020522,76.966698,10.9963653,76.9672218,641012,Gandhipuram,641018,Railway
319,"Saturday, September 02, 2017",02-09-2017 8:20,02-09-2017 8:40,0:20,42,5.9,0,Saturday,11.020522,76.966698,10.9963653,76.9672218,641012,Gandhipuram,641018,Railway
320,"Saturday, September 02, 2017",02-09-2017 15:00,02-09-2017 15:23,0:23,60,5.9,0,Saturday,11.020522,76.966698,10.9963653,76.9672218,641012,Gandhipuram,641018,Railway
321,"Saturday, September 02, 2017",02-09-2017 13:15,02-09-2017 13:40,0:25,62,5.9,0,Saturday,11.020522,76.966698,10.9963653,76.9672218,641012,Gandhipuram,641018,Railway
322,"Sunday, September 03, 2017",03-09-2017 23:15,03-09-2017 23:38,0:23,46,5.9,0,Sunday,11.020522,76.966698,10.9963653,76.9672218,641012,Gandhipuram,641018,Railway
323,"Sunday, September 03, 2017",03-09-2017 6:45,03-09-2017 7:04,0:19,55,5.9,0,Sunday,11.020522,76.966698,10.9963653,76.9672218,641012,Gandhipuram,641018,Railway
324,"Sunday, September 03, 2017",03-09-2017 15:40,03-09-2017 16:00,0:20,68,5.9,0,Sunday,11.020522,76.966698,10.9963653,76.9672218,641012,Gandhipuram,641018,Railway
325,"Sunday, September 03, 2017",03-09-2017 14:10,03-09-2017 14:31,0:21,10,5.9,0,Sunday,11.020522,76.966698,10.9963653,76.9672218,641012,Gandhipuram,641018,Railway
326,"Monday, September 04, 2017",04-09-2017 6:30,04-09-2017 6:47,0:17,11,5.9,1,Monday,11.020522,76.966698,10.9963653,76.9672218,641012,Gandhipuram,641018,Railway
327,"Monday, September 04, 2017",04-09-2017 20:35,04-09-2017 21:00,0:25,46,5.9,1,Monday,11.020522,76.966698,10.9963653,76.9672218,641012,Gandhipuram,641018,Railway
328,"Monday, September 04, 2017",04-09-2017 9:30,04-09-2017 9:55,0:25,68,5.9,1,Monday,11.020522,76.966698,10.9963653,76.9672218,641012,Gandhipuram,641018,Railway
329,"Monday, September 04, 2017",04-09-2017 17:15,04-09-2017 17:38,0:23,88,5.9,1,Monday,11.020522,76.966698,10.9963653,76.9672218,641012,Gandhipuram,641018,Railway
330,"Tuesday, September 05, 2017",05-09-2017 19:30,05-09-2017 19:53,0:23,55,5.9,0,Tuesday,11.020522,76.966698,10.9963653,76.9672218,641012,Gandhipuram,641018,Railway
331,"Wednesday, September 06, 2017",06-09-2017 13:15,06-09-2017 13:34,0:19,48,5.9,0,Wednesday,11.020522,76.966698,10.9963653,76.9672218,641012,Gandhipuram,641018,Railway
332,"Thursday, September 07, 2017",07-09-2017 17:09,07-09-2017 17:30,0:21,46,5.9,0,Thursday,11.020522,76.966698,10.9963653,76.9672218,641012,Gandhipuram,641018,Railway
333,"Friday, September 08, 2017",08-09-2017 6:45,08-09-2017 7:00,0:15,30,5.9,0,Friday,11.020522,76.966698,10.9963653,76.9672218,641012,Gandhipuram,641018,Railway
334,"Friday, September 08, 2017",08-09-2017 15:40,08-09-2017 16:01,0:21,70,5.9,0,Friday,11.020522,76.966698,10.9963653,76.9672218,641012,Gandhipuram,641018,Railway
335,"Friday, September 08, 2017",08-09-2017 14:10,08-09-2017 14:27,0:17,51,5.9,0,Friday,11.020522,76.966698,10.9963653,76.9672218,641012,Gandhipuram,641018,Railway
336,"Friday, September 08, 2017",08-09-2017 6:30,08-09-2017 6:47,0:17,37,5.9,0,Friday,11.020522,76.966698,10.9963653,76.9672218,641012,Gandhipuram,641018,Railway
337,"Saturday, September 09, 2017",09-09-2017 20:35,09-09-2017 20:58,0:23,77,5.9,0,Saturday,11.020522,76.966698,10.9963653,76.9672218,641012,Gandhipuram,641018,Railway
338,"Saturday, September 09, 2017",09-09-2017 9:30,09-09-2017 9:55,0:25,60,5.9,0,Saturday,11.020522,76.966698,10.9963653,76.9672218,641012,Gandhipuram,641018,Railway
339,"Saturday, September 09, 2017",09-09-2017 17:15,09-09-2017 17:38,0:23,47,5.9,0,Saturday,11.020522,76.966698,10.9963653,76.9672218,641012,Gandhipuram,641018,Railway
340,"Saturday, September 09, 2017",09-09-2017 19:30,09-09-2017 19:51,0:21,68,5.9,0,Saturday,11.020522,76.966698,10.9963653,76.9672218,641012,Gandhipuram,641018,Railway
341,"Sunday, September 10, 2017",10-09-2017 19:50,10-09-2017 20:11,0:21,55,5.9,0,Sunday,11.020522,76.966698,10.9963653,76.9672218,641012,Gandhipuram,641018,Railway
342,"Sunday, September 10, 2017",10-09-2017 8:20,10-09-2017 8:38,0:18,35,5.9,0,Sunday,11.020522,76.966698,10.9963653,76.9672218,641012,Gandhipuram,641018,Railway
343,"Sunday, September 10, 2017",10-09-2017 15:00,10-09-2017 15:19,0:19,79,5.9,0,Sunday,11.020522,76.966698,10.9963653,76.9672218,641012,Gandhipuram,641018,Railway
344,"Sunday, September 10, 2017",10-09-2017 13:15,10-09-2017 13:33,0:18,66,5.9,0,Sunday,11.020522,76.966698,10.9963653,76.9672218,641012,Gandhipuram,641018,Railway
345,"Monday, September 11, 2017",11-09-2017 5:09,11-09-2017 5:33,0:24,68,5.9,0,Monday,11.020522,76.966698,10.9963653,76.9672218,641012,Gandhipuram,641018,Railway
346,"Tuesday, September 12, 2017",12-09-2017 21:20,12-09-2017 21:41,0:21,22,5.9,0,Tuesday,11.020522,76.966698,10.9963653,76.9672218,641012,Gandhipuram,641018,Railway
347,"Wednesday, September 13, 2017",13-09-2017 14:10,13-09-2017 14:31,0:21,39,5.9,0,Wednesday,11.020522,76.966698,10.9963653,76.9672218,641012,Gandhipuram,641018,Railway
348,"Thursday, September 14, 2017",14-09-2017 17:15,14-09-2017 17:40,0:25,41,5.9,0,Thursday,11.020522,76.966698,10.9963653,76.9672218,641012,Gandhipuram,641018,Railway
349,"Friday, September 15, 2017",15-09-2017 15:00,15-09-2017 15:17,0:17,60,5.9,0,Friday,11.020522,76.966698,10.9963653,76.9672218,641012,Gandhipuram,641018,Railway
350,"Friday, September 15, 2017",15-09-2017 13:15,15-09-2017 13:33,0:18,60,5.9,0,Friday,11.020522,76.966698,10.9963653,76.9672218,641012,Gandhipuram,641018,Railway
351,"Friday, September 15, 2017",15-09-2017 5:09,15-09-2017 5:23,0:14,56,5.9,0,Friday,11.020522,76.966698,10.9963653,76.9672218,641012,Gandhipuram,641018,Railway
352,"Friday, September 15, 2017",15-09-2017 9:10,15-09-2017 9:33,0:23,50,5.9,0,Friday,11.020522,76.966698,10.9963653,76.9672218,641012,Gandhipuram,641018,Railway
353,"Saturday, September 16, 2017",16-09-2017 17:09,16-09-2017 17:33,0:24,67,5.9,0,Saturday,11.020522,76.966698,10.9963653,76.9672218,641012,Gandhipuram,641018,Railway
354,"Saturday, September 16, 2017",16-09-2017 20:15,16-09-2017 20:42,0:27,63,5.9,0,Saturday,11.020522,76.966698,10.9963653,76.9672218,641012,Gandhipuram,641018,Railway
355,"Saturday, September 16, 2017",16-09-2017 21:20,16-09-2017 21:50,0:30,79,5.9,0,Saturday,11.020522,76.966698,10.9963653,76.9672218,641012,Gandhipuram,641018,Railway
356,"Saturday, September 16, 2017",16-09-2017 23:45,17-09-2017 0:08,0:23,68,5.9,0,Saturday,11.020522,76.966698,10.9963653,76.9672218,641012,Gandhipuram,641018,Railway
357,"Sunday, September 17, 2017",17-09-2017 6:45,17-09-2017 7:01,0:16,83,5.9,0,Sunday,11.020522,76.966698,10.9963653,76.9672218,641012,Gandhipuram,641018,Railway
358,"Sunday, September 17, 2017",17-09-2017 15:40,17-09-2017 16:01,0:21,55,5.9,0,Sunday,11.020522,76.966698,10.9963653,76.9672218,641012,Gandhipuram,641018,Railway
359,"Sunday, September 17, 2017",17-09-2017 14:10,17-09-2017 14:32,0:22,40,5.9,0,Sunday,11.020522,76.966698,10.9963653,76.9672218,641012,Gandhipuram,641018,Railway
360,"Sunday, September 17, 2017",17-09-2017 6:30,17-09-2017 6:46,0:16,69,5.9,0,Sunday,11.020522,76.966698,10.9963653,76.9672218,641012,Gandhipuram,641018,Railway
361,"Monday, September 18, 2017",18-09-2017 20:35,18-09-2017 20:57,0:22,29,5.9,0,Monday,11.020522,76.966698,10.9963653,76.9672218,641012,Gandhipuram,641018,Railway
362,"Tuesday, September 19, 2017",19-09-2017 19:50,19-09-2017 20:15,0:25,57,5.9,0,Tuesday,11.020522,76.966698,10.9963653,76.9672218,641012,Gandhipuram,641018,Railway
363,"Tuesday, September 19, 2017",19-09-2017 8:20,19-09-2017 8:47,0:27,49,5.9,0,Tuesday,11.020522,76.966698,10.9963653,76.9672218,641012,Gandhipuram,641018,Railway
364,"Wednesday, September 20, 2017",20-09-2017 5:09,20-09-2017 5:35,0:26,35,5.9,0,Wednesday,11.020522,76.966698,10.9963653,76.9672218,641012,Gandhipuram,641018,Railway
365,"Thursday, September 21, 2017",21-09-2017 21:20,21-09-2017 21:43,0:23,68,5.9,0,Thursday,11.020522,76.966698,10.9963653,76.9672218,641012,Gandhipuram,641018,Railway
366,"Friday, September 22, 2017",22-09-2017 14:10,22-09-2017 14:29,0:19,57,5.9,0,Friday,11.020522,76.966698,10.9963653,76.9672218,641012,Gandhipuram,641018,Railway
367,"Friday, September 22, 2017",22-09-2017 6:30,22-09-2017 6:45,0:15,35,5.9,0,Friday,11.020522,76.966698,10.9963653,76.9672218,641012,Gandhipuram,641018,Railway
368,"Friday, September 22, 2017",22-09-2017 20:35,22-09-2017 20:50,0:15,47,5.9,0,Friday,11.020522,76.966698,10.9963653,76.9672218,641012,Gandhipuram,641018,Railway
369,"Friday, September 22, 2017",22-09-2017 9:30,22-09-2017 9:48,0:18,68,5.9,0,Friday,11.020522,76.966698,10.9963653,76.9672218,641012,Gandhipuram,641018,Railway
370,"Saturday, September 23, 2017",23-09-2017 17:15,23-09-2017 17:38,0:23,57,5.9,0,Saturday,11.020522,76.966698,10.9963653,76.9672218,641012,Gandhipuram,641018,Railway
371,"Saturday, September 23, 2017",23-09-2017 19:30,23-09-2017 19:53,0:23,46,5.9,0,Saturday,11.020522,76.966698,10.9963653,76.9672218,641012,Gandhipuram,641018,Railway
372,"Saturday, September 23, 2017",23-09-2017 19:50,23-09-2017 20:11,0:21,24,5.9,0,Saturday,11.020522,76.966698,10.9963653,76.9672218,641012,Gandhipuram,641018,Railway
373,"Saturday, September 23, 2017",23-09-2017 8:20,23-09-2017 8:44,0:24,79,5.9,0,Saturday,11.020522,76.966698,10.9963653,76.9672218,641012,Gandhipuram,641018,Railway
374,"Sunday, September 24, 2017",24-09-2017 15:00,24-09-2017 15:26,0:26,55,5.9,0,Sunday,11.020522,76.966698,10.9963653,76.9672218,641012,Gandhipuram,641018,Railway
375,"Sunday, September 24, 2017",24-09-2017 13:15,24-09-2017 13:36,0:21,59,5.9,0,Sunday,11.020522,76.966698,10.9963653,76.9672218,641012,Gandhipuram,641018,Railway
376,"Sunday, September 24, 2017",24-09-2017 23:15,24-09-2017 23:36,0:21,27,5.9,0,Sunday,11.020522,76.966698,10.9963653,76.9672218,641012,Gandhipuram,641018,Railway
377,"Sunday, September 24, 2017",24-09-2017 6:45,24-09-2017 7:00,0:15,29,5.9,0,Sunday,11.020522,76.966698,10.9963653,76.9672218,641012,Gandhipuram,641018,Railway
378,"Monday, September 25, 2017",25-09-2017 15:40,25-09-2017 15:58,0:18,58,5.9,0,Monday,11.020522,76.966698,10.9963653,76.9672218,641012,Gandhipuram,641018,Railway
379,"Tuesday, September 26, 2017",26-09-2017 9:30,26-09-2017 9:51,0:21,49,5.9,0,Tuesday,11.020522,76.966698,10.9963653,76.9672218,641012,Gandhipuram,641018,Railway
380,"Wednesday, September 27, 2017",27-09-2017 8:20,27-09-2017 8:38,0:18,33,5.9,0,Wednesday,11.020522,76.966698,10.9963653,76.9672218,641012,Gandhipuram,641018,Railway
381,"Thursday, September 28, 2017",28-09-2017 21:20,28-09-2017 21:39,0:19,80,5.9,0,Thursday,11.020522,76.966698,10.9963653,76.9672218,641012,Gandhipuram,641018,Railway
382,"Friday, September 29, 2017",29-09-2017 14:10,29-09-2017 14:27,0:17,68,5.9,0,Friday,11.020522,76.966698,10.9963653,76.9672218,641012,Gandhipuram,641018,Railway
383,"Friday, September 29, 2017",29-09-2017 6:30,29-09-2017 6:52,0:22,43,5.9,0,Friday,11.020522,76.966698,10.9963653,76.9672218,641012,Gandhipuram,641018,Railway
384,"Friday, September 29, 2017",29-09-2017 20:35,29-09-2017 20:57,0:22,57,5.9,0,Friday,11.020522,76.966698,10.9963653,76.9672218,641012,Gandhipuram,641018,Railway
385,"Friday, September 29, 2017",29-09-2017 9:30,29-09-2017 9:48,0:18,46,5.9,0,Friday,11.020522,76.966698,10.9963653,76.9672218,641012,Gandhipuram,641018,Railway
386,"Saturday, September 30, 2017",30-09-2017 17:15,30-09-2017 17:43,0:28,68,5.9,1,Saturday,11.020522,76.966698,10.9963653,76.9672218,641012,Gandhipuram,641018,Railway
387,"Saturday, September 30, 2017",30-09-2017 19:30,30-09-2017 19:57,0:27,74,5.9,1,Saturday,11.020522,76.966698,10.9963653,76.9672218,641012,Gandhipuram,641018,Railway
388,"Saturday, September 30, 2017",30-09-2017 19:50,30-09-2017 20:19,0:29,68,5.9,1,Saturday,11.020522,76.966698,10.9963653,76.9672218,641012,Gandhipuram,641018,Railway
389,"Saturday, September 30, 2017",30-09-2017 8:20,30-09-2017 8:43,0:23,75,5.9,1,Saturday,11.020522,76.966698,10.9963653,76.9672218,641012,Gandhipuram,641018,Railway
390,"Sunday, October 01, 2017",01-10-2017 15:00,01-10-2017 15:41,0:41,63,8.5,0,Sunday,11.020522,76.966698,11.076375,77.002984,641012,Gandhipuram,641035,Saravanampatti
391,"Monday, October 02, 2017",02-10-2017 20:35,02-10-2017 21:20,0:45,80,8.1,1,Monday,11.020522,76.966698,11.076375,77.002984,641012,Gandhipuram,641035,Saravanampatti
392,"Tuesday, October 03, 2017",03-10-2017 9:30,03-10-2017 10:12,0:42,67,8.3,0,Tuesday,11.020522,76.966698,11.076375,77.002984,641012,Gandhipuram,641035,Saravanampatti
393,"Wednesday, October 04, 2017",04-10-2017 23:15,04-10-2017 23:41,0:26,42,8.1,0,Wednesday,11.020522,76.966698,11.076375,77.002984,641012,Gandhipuram,641035,Saravanampatti
394,"Thursday, October 05, 2017",05-10-2017 15:40,05-10-2017 16:07,0:27,62,8.1,0,Thursday,11.020522,76.966698,11.076375,77.002984,641012,Gandhipuram,641035,Saravanampatti
395,"Friday, October 06, 2017",06-10-2017 9:30,06-10-2017 10:15,0:45,69,8.1,0,Friday,11.020522,76.966698,11.076375,77.002984,641012,Gandhipuram,641035,Saravanampatti
396,"Saturday, October 07, 2017",07-10-2017 17:15,07-10-2017 18:01,0:46,71,8.3,0,Saturday,11.020522,76.966698,11.076375,77.002984,641012,Gandhipuram,641035,Saravanampatti
397,"Sunday, October 08, 2017",08-10-2017 15:00,08-10-2017 15:39,0:39,66,7.9,0,Sunday,11.020522,76.966698,11.076375,77.002984,641012,Gandhipuram,641035,Saravanampatti
398,"Monday, October 09, 2017",09-10-2017 15:40,09-10-2017 16:04,0:24,45,7.9,0,Monday,11.020522,76.966698,11.076375,77.002984,641012,Gandhipuram,641035,Saravanampatti
399,"Tuesday, October 10, 2017",10-10-2017 9:30,10-10-2017 10:07,0:37,57,7.9,0,Tuesday,11.020522,76.966698,11.076375,77.002984,641012,Gandhipuram,641035,Saravanampatti
400,"Wednesday, October 11, 2017",11-10-2017 8:20,11-10-2017 8:57,0:37,65,7.9,0,Wednesday,11.020522,76.966698,11.076375,77.002984,641012,Gandhipuram,641035,Saravanampatti
401,"Thursday, October 12, 2017",12-10-2017 5:09,12-10-2017 5:33,0:24,65,7.9,0,Thursday,11.020522,76.966698,11.076375,77.002984,641012,Gandhipuram,641035,Saravanampatti
402,"Friday, October 13, 2017",13-10-2017 21:20,13-10-2017 22:04,0:44,67,7.9,0,Friday,11.020522,76.966698,11.076375,77.002984,641012,Gandhipuram,641035,Saravanampatti
403,"Saturday, October 14, 2017",14-10-2017 14:10,14-10-2017 14:51,0:41,67,8.5,0,Saturday,11.020522,76.966698,11.076375,77.002984,641012,Gandhipuram,641035,Saravanampatti
404,"Sunday, October 15, 2017",15-10-2017 17:15,15-10-2017 18:04,0:49,71,8.5,0,Sunday,11.020522,76.966698,11.076375,77.002984,641012,Gandhipuram,641035,Saravanampatti
405,"Monday, October 16, 2017",16-10-2017 15:00,16-10-2017 15:34,0:34,43,8.5,0,Monday,11.020522,76.966698,11.076375,77.002984,641012,Gandhipuram,641035,Saravanampatti
406,"Tuesday, October 17, 2017",17-10-2017 17:09,17-10-2017 17:49,0:40,67,8.5,0,Tuesday,11.020522,76.966698,11.076375,77.002984,641012,Gandhipuram,641035,Saravanampatti
407,"Wednesday, October 18, 2017",18-10-2017 6:45,18-10-2017 7:12,0:27,30,8.5,1,Wednesday,11.020522,76.966698,11.076375,77.002984,641012,Gandhipuram,641035,Saravanampatti
408,"Thursday, October 19, 2017",19-10-2017 20:35,19-10-2017 21:27,0:52,69,8.5,1,Thursday,11.020522,76.966698,11.076375,77.002984,641012,Gandhipuram,641035,Saravanampatti
409,"Friday, October 20, 2017",20-10-2017 19:50,20-10-2017 20:45,0:55,65,8.1,0,Friday,11.020522,76.966698,11.076375,77.002984,641012,Gandhipuram,641035,Saravanampatti
410,"Saturday, October 21, 2017",21-10-2017 5:09,21-10-2017 6:00,0:51,83,8.1,0,Saturday,11.020522,76.966698,11.076375,77.002984,641012,Gandhipuram,641035,Saravanampatti
411,"Sunday, October 22, 2017",22-10-2017 21:20,22-10-2017 22:09,0:49,64,8.1,0,Sunday,11.020522,76.966698,11.076375,77.002984,641012,Gandhipuram,641035,Saravanampatti
412,"Monday, October 23, 2017",23-10-2017 14:10,23-10-2017 14:46,0:36,58,8.1,0,Monday,11.020522,76.966698,11.076375,77.002984,641012,Gandhipuram,641035,Saravanampatti
413,"Tuesday, October 24, 2017",24-10-2017 17:15,24-10-2017 17:59,0:44,57,8.1,0,Tuesday,11.020522,76.966698,11.076375,77.002984,641012,Gandhipuram,641035,Saravanampatti
414,"Wednesday, October 25, 2017",25-10-2017 15:00,25-10-2017 15:38,0:38,46,8.3,0,Wednesday,11.020522,76.966698,11.076375,77.002984,641012,Gandhipuram,641035,Saravanampatti
415,"Thursday, October 26, 2017",26-10-2017 17:09,26-10-2017 17:51,0:42,71,8.3,0,Thursday,11.020522,76.966698,11.076375,77.002984,641012,Gandhipuram,641035,Saravanampatti
416,"Friday, October 27, 2017",27-10-2017 6:45,27-10-2017 7:17,0:32,35,8.3,0,Friday,11.020522,76.966698,11.076375,77.002984,641012,Gandhipuram,641035,Saravanampatti
417,"Saturday, October 28, 2017",28-10-2017 20:35,28-10-2017 21:18,0:43,45,8.3,0,Saturday,11.020522,76.966698,11.076375,77.002984,641012,Gandhipuram,641035,Saravanampatti
418,"Sunday, October 29, 2017",29-10-2017 19:50,29-10-2017 20:39,0:49,73,8.3,0,Sunday,11.020522,76.966698,11.076375,77.002984,641012,Gandhipuram,641035,Saravanampatti
419,"Monday, October 30, 2017",30-10-2017 23:15,30-10-2017 23:40,0:25,34,8.3,0,Monday,11.020522,76.966698,11.076375,77.002984,641012,Gandhipuram,641035,Saravanampatti
420,"Tuesday, October 31, 2017",31-10-2017 6:30,31-10-2017 6:56,0:26,69,8.3,0,Tuesday,11.020522,76.966698,11.076375,77.002984,641012,Gandhipuram,641035,Saravanampatti
421,"Wednesday, November 01, 2017",01-11-2017 19:30,01-11-2017 19:48,0:18,53,5.9,0,Wednesday,11.020522,76.966698,10.9963653,76.9672218,641012,Gandhipuram,641018,Railway
422,"Thursday, November 02, 2017",02-11-2017 13:15,02-11-2017 13:32,0:17,44,5.9,0,Thursday,11.020522,76.966698,10.9963653,76.9672218,641012,Gandhipuram,641018,Railway
423,"Friday, November 03, 2017",03-11-2017 6:45,03-11-2017 6:59,0:14,78,5.9,0,Friday,11.020522,76.966698,10.9963653,76.9672218,641012,Gandhipuram,641018,Railway
424,"Friday, November 03, 2017",03-11-2017 15:40,03-11-2017 15:57,0:17,10,5.9,0,Friday,11.020522,76.966698,10.9963653,76.9672218,641012,Gandhipuram,641018,Railway
425,"Friday, November 03, 2017",03-11-2017 14:10,03-11-2017 14:26,0:16,40,5.9,0,Friday,11.020522,76.966698,10.9963653,76.9672218,641012,Gandhipuram,641018,Railway
426,"Friday, November 03, 2017",03-11-2017 6:30,03-11-2017 6:44,0:14,78,5.9,0,Friday,11.020522,76.966698,10.9963653,76.9672218,641012,Gandhipuram,641018,Railway
427,"Saturday, November 04, 2017",04-11-2017 20:35,04-11-2017 21:01,0:26,81,5.9,0,Saturday,11.020522,76.966698,10.9963653,76.9672218,641012,Gandhipuram,641018,Railway
428,"Saturday, November 04, 2017",04-11-2017 9:30,04-11-2017 9:55,0:25,67,5.9,0,Saturday,11.020522,76.966698,10.9963653,76.9672218,641012,Gandhipuram,641018,Railway
429,"Saturday, November 04, 2017",04-11-2017 17:15,04-11-2017 17:38,0:23,45,5.9,0,Saturday,11.020522,76.966698,10.9963653,76.9672218,641012,Gandhipuram,641018,Railway
430,"Saturday, November 04, 2017",04-11-2017 19:30,04-11-2017 19:53,0:23,57,5.9,0,Saturday,11.020522,76.966698,10.9963653,76.9672218,641012,Gandhipuram,641018,Railway
431,"Sunday, November 05, 2017",05-11-2017 19:50,05-11-2017 20:14,0:24,78,5.9,0,Sunday,11.020522,76.966698,10.9963653,76.9672218,641012,Gandhipuram,641018,Railway
432,"Sunday, November 05, 2017",05-11-2017 8:20,05-11-2017 8:39,0:19,67,5.9,0,Sunday,11.020522,76.966698,10.9963653,76.9672218,641012,Gandhipuram,641018,Railway
433,"Sunday, November 05, 2017",05-11-2017 15:00,05-11-2017 15:24,0:24,56,5.9,0,Sunday,11.020522,76.966698,10.9963653,76.9672218,641012,Gandhipuram,641018,Railway
434,"Sunday, November 05, 2017",05-11-2017 13:15,05-11-2017 13:36,0:21,34,5.9,0,Sunday,11.020522,76.966698,10.9963653,76.9672218,641012,Gandhipuram,641018,Railway
435,"Monday, November 06, 2017",06-11-2017 23:15,06-11-2017 23:29,0:14,26,5.9,0,Monday,11.020522,76.966698,10.9963653,76.9672218,641012,Gandhipuram,641018,Railway
436,"Tuesday, November 07, 2017",07-11-2017 6:30,07-11-2017 6:43,0:13,52,5.9,0,Tuesday,11.020522,76.966698,10.9963653,76.9672218,641012,Gandhipuram,641018,Railway
437,"Wednesday, November 08, 2017",08-11-2017 19:30,08-11-2017 19:53,0:23,65,5.9,0,Wednesday,11.020522,76.966698,10.9963653,76.9672218,641012,Gandhipuram,641018,Railway
438,"Thursday, November 09, 2017",09-11-2017 13:15,09-11-2017 13:35,0:20,43,5.9,0,Thursday,11.020522,76.966698,10.9963653,76.9672218,641012,Gandhipuram,641018,Railway
439,"Friday, November 10, 2017",10-11-2017 6:45,10-11-2017 6:59,0:14,39,5.9,0,Friday,11.020522,76.966698,10.9963653,76.9672218,641012,Gandhipuram,641018,Railway
440,"Friday, November 10, 2017",10-11-2017 15:40,10-11-2017 16:00,0:20,68,5.9,0,Friday,11.020522,76.966698,10.9963653,76.9672218,641012,Gandhipuram,641018,Railway
441,"Friday, November 10, 2017",10-11-2017 14:10,10-11-2017 14:34,0:24,59,5.9,0,Friday,11.020522,76.966698,10.9963653,76.9672218,641012,Gandhipuram,641018,Railway
442,"Friday, November 10, 2017",10-11-2017 6:30,10-11-2017 6:45,0:15,43,5.9,0,Friday,11.020522,76.966698,10.9963653,76.9672218,641012,Gandhipuram,641018,Railway
443,"Saturday, November 11, 2017",11-11-2017 20:35,11-11-2017 20:58,0:23,90,5.9,0,Saturday,11.020522,76.966698,10.9963653,76.9672218,641012,Gandhipuram,641018,Railway
444,"Saturday, November 11, 2017",11-11-2017 9:30,11-11-2017 9:50,0:20,78,5.9,0,Saturday,11.020522,76.966698,10.9963653,76.9672218,641012,Gandhipuram,641018,Railway
445,"Saturday, November 11, 2017",11-11-2017 17:15,11-11-2017 17:45,0:30,53,5.9,0,Saturday,11.020522,76.966698,10.9963653,76.9672218,641012,Gandhipuram,641018,Railway
446,"Saturday, November 11, 2017",11-11-2017 19:30,11-11-2017 19:53,0:23,67,5.9,0,Saturday,11.020522,76.966698,10.9963653,76.9672218,641012,Gandhipuram,641018,Railway
447,"Sunday, November 12, 2017",12-11-2017 19:50,12-11-2017 20:15,0:25,56,5.9,0,Sunday,11.020522,76.966698,10.9963653,76.9672218,641012,Gandhipuram,641018,Railway
448,"Sunday, November 12, 2017",12-11-2017 8:20,12-11-2017 8:41,0:21,78,5.9,0,Sunday,11.020522,76.966698,10.9963653,76.9672218,641012,Gandhipuram,641018,Railway
449,"Sunday, November 12, 2017",12-11-2017 15:00,12-11-2017 15:20,0:20,84,5.9,0,Sunday,11.020522,76.966698,10.9963653,76.9672218,641012,Gandhipuram,641018,Railway
450,"Sunday, November 12, 2017",12-11-2017 13:15,12-11-2017 13:36,0:21,78,5.9,0,Sunday,11.020522,76.966698,10.9963653,76.9672218,641012,Gandhipuram,641018,Railway
451,"Monday, November 13, 2017",13-11-2017 23:15,13-11-2017 23:32,0:17,18,5.9,0,Monday,11.020522,76.966698,10.9963653,76.9672218,641012,Gandhipuram,641018,Railway
452,"Tuesday, November 14, 2017",14-11-2017 6:30,14-11-2017 6:58,0:28,52,5.9,0,Tuesday,11.020522,76.966698,10.9963653,76.9672218,641012,Gandhipuram,641018,Railway
453,"Wednesday, November 15, 2017",15-11-2017 19:30,15-11-2017 19:51,0:21,51,5.9,0,Wednesday,11.020522,76.966698,10.9963653,76.9672218,641012,Gandhipuram,641018,Railway
454,"Thursday, November 16, 2017",16-11-2017 13:15,16-11-2017 13:31,0:16,43,5.9,0,Thursday,11.020522,76.966698,10.9963653,76.9672218,641012,Gandhipuram,641018,Railway
455,"Friday, November 17, 2017",17-11-2017 17:09,17-11-2017 17:37,0:28,73,5.9,0,Friday,11.020522,76.966698,10.9963653,76.9672218,641012,Gandhipuram,641018,Railway
456,"Friday, November 17, 2017",17-11-2017 20:15,17-11-2017 20:39,0:24,72,5.9,0,Friday,11.020522,76.966698,10.9963653,76.9672218,641012,Gandhipuram,641018,Railway
457,"Friday, November 17, 2017",17-11-2017 21:20,17-11-2017 21:40,0:20,89,5.9,0,Friday,11.020522,76.966698,10.9963653,76.9672218,641012,Gandhipuram,641018,Railway
458,"Friday, November 17, 2017",17-11-2017 23:45,17-11-2017 23:59,0:14,32,5.9,0,Friday,11.020522,76.966698,10.9963653,76.9672218,641012,Gandhipuram,641018,Railway
459,"Saturday, November 18, 2017",18-11-2017 6:45,18-11-2017 7:03,0:18,29,5.9,0,Saturday,11.020522,76.966698,10.9963653,76.9672218,641012,Gandhipuram,641018,Railway
460,"Saturday, November 18, 2017",18-11-2017 15:40,18-11-2017 16:03,0:23,80,5.9,0,Saturday,11.020522,76.966698,10.9963653,76.9672218,641012,Gandhipuram,641018,Railway
461,"Saturday, November 18, 2017",18-11-2017 14:10,18-11-2017 14:38,0:28,67,5.9,0,Saturday,11.020522,76.966698,10.9963653,76.9672218,641012,Gandhipuram,641018,Railway
462,"Saturday, November 18, 2017",18-11-2017 6:30,18-11-2017 6:43,0:13,24,5.9,0,Saturday,11.020522,76.966698,10.9963653,76.9672218,641012,Gandhipuram,641018,Railway
463,"Sunday, November 19, 2017",19-11-2017 20:35,19-11-2017 21:02,0:27,75,5.9,0,Sunday,11.020522,76.966698,10.9963653,76.9672218,641012,Gandhipuram,641018,Railway
464,"Sunday, November 19, 2017",19-11-2017 9:30,19-11-2017 9:49,0:19,45,5.9,0,Sunday,11.020522,76.966698,10.9963653,76.9672218,641012,Gandhipuram,641018,Railway
465,"Sunday, November 19, 2017",19-11-2017 17:15,19-11-2017 17:40,0:25,34,5.9,0,Sunday,11.020522,76.966698,10.9963653,76.9672218,641012,Gandhipuram,641018,Railway
466,"Sunday, November 19, 2017",19-11-2017 19:30,19-11-2017 19:58,0:28,33,5.9,0,Sunday,11.020522,76.966698,10.9963653,76.9672218,641012,Gandhipuram,641018,Railway
467,"Monday, November 20, 2017",20-11-2017 19:50,20-11-2017 20:11,0:21,57,5.9,0,Monday,11.020522,76.966698,10.9963653,76.9672218,641012,Gandhipuram,641018,Railway
468,"Tuesday, November 21, 2017",21-11-2017 5:09,21-11-2017 5:32,0:23,61,5.9,0,Tuesday,11.020522,76.966698,10.9963653,76.9672218,641012,Gandhipuram,641018,Railway
469,"Wednesday, November 22, 2017",22-11-2017 15:40,22-11-2017 15:59,0:19,46,5.9,0,Wednesday,11.020522,76.966698,10.9963653,76.9672218,641012,Gandhipuram,641018,Railway
470,"Thursday, November 23, 2017",23-11-2017 14:10,23-11-2017 14:27,0:17,43,5.9,0,Thursday,11.020522,76.966698,10.9963653,76.9672218,641012,Gandhipuram,641018,Railway
471,"Friday, November 24, 2017",24-11-2017 17:15,24-11-2017 17:37,0:22,72,5.9,0,Friday,11.020522,76.966698,10.9963653,76.9672218,641012,Gandhipuram,641018,Railway
472,"Friday, November 24, 2017",24-11-2017 19:30,24-11-2017 19:57,0:27,93,5.9,0,Friday,11.020522,76.966698,10.9963653,76.9672218,641012,Gandhipuram,641018,Railway
473,"Friday, November 24, 2017",24-11-2017 19:50,24-11-2017 20:15,0:25,74,5.9,0,Friday,11.020522,76.966698,10.9963653,76.9672218,641012,Gandhipuram,641018,Railway
474,"Friday, November 24, 2017",24-11-2017 8:20,24-11-2017 8:43,0:23,68,5.9,0,Friday,11.020522,76.966698,10.9963653,76.9672218,641012,Gandhipuram,641018,Railway
475,"Saturday, November 25, 2017",25-11-2017 15:00,25-11-2017 15:23,0:23,67,5.9,0,Saturday,11.020522,76.966698,10.9963653,76.9672218,641012,Gandhipuram,641018,Railway
476,"Saturday, November 25, 2017",25-11-2017 13:15,25-11-2017 13:41,0:26,56,5.9,0,Saturday,11.020522,76.966698,10.9963653,76.9672218,641012,Gandhipuram,641018,Railway
477,"Saturday, November 25, 2017",25-11-2017 5:09,25-11-2017 5:21,0:12,12,5.9,0,Saturday,11.020522,76.966698,10.9963653,76.9672218,641012,Gandhipuram,641018,Railway
478,"Saturday, November 25, 2017",25-11-2017 9:10,25-11-2017 9:39,0:29,45,5.9,0,Saturday,11.020522,76.966698,10.9963653,76.9672218,641012,Gandhipuram,641018,Railway
479,"Sunday, November 26, 2017",26-11-2017 17:09,26-11-2017 17:32,0:23,45,5.9,0,Sunday,11.020522,76.966698,10.9963653,76.9672218,641012,Gandhipuram,641018,Railway
480,"Sunday, November 26, 2017",26-11-2017 20:15,26-11-2017 20:39,0:24,67,5.9,0,Sunday,11.020522,76.966698,10.9963653,76.9672218,641012,Gandhipuram,641018,Railway
481,"Sunday, November 26, 2017",26-11-2017 21:20,26-11-2017 21:45,0:25,89,5.9,0,Sunday,11.020522,76.966698,10.9963653,76.9672218,641012,Gandhipuram,641018,Railway
482,"Sunday, November 26, 2017",26-11-2017 23:45,27-11-2017 0:10,0:25,15,5.9,0,Sunday,11.020522,76.966698,10.9963653,76.9672218,641012,Gandhipuram,641018,Railway
483,"Monday, November 27, 2017",27-11-2017 6:30,27-11-2017 6:43,0:13,31,5.9,0,Monday,11.020522,76.966698,10.9963653,76.9672218,641012,Gandhipuram,641018,Railway
484,"Tuesday, November 28, 2017",28-11-2017 19:30,28-11-2017 19:47,0:17,56,5.9,0,Tuesday,11.020522,76.966698,10.9963653,76.9672218,641012,Gandhipuram,641018,Railway
485,"Wednesday, November 29, 2017",29-11-2017 13:15,29-11-2017 13:32,0:17,46,5.9,0,Wednesday,11.020522,76.966698,10.9963653,76.9672218,641012,Gandhipuram,641018,Railway
486,"Thursday, November 30, 2017",30-11-2017 5:09,30-11-2017 5:21,0:12,20,5.9,1,Thursday,11.020522,76.966698,10.9963653,76.9672218,641012,Gandhipuram,641018,Railway
487,"Thursday, November 30, 2017",30-11-2017 9:10,30-11-2017 9:30,0:20,50,5.9,1,Thursday,11.020522,76.966698,10.9963653,76.9672218,641012,Gandhipuram,641018,Railway
488,"Thursday, November 30, 2017",30-11-2017 17:09,30-11-2017 17:32,0:23,88,5.9,1,Thursday,11.020522,76.966698,10.9963653,76.9672218,641012,Gandhipuram,641018,Railway
489,"Thursday, November 30, 2017",30-11-2017 20:15,30-11-2017 20:43,0:28,91,5.9,1,Thursday,11.020522,76.966698,10.9963653,76.9672218,641012,Gandhipuram,641018,Railway
490,"Friday, December 01, 2017",01-12-2017 21:20,01-12-2017 22:01,0:41,65,8.3,0,Friday,11.020522,76.966698,11.076375,77.002984,641012,Gandhipuram,641035,Saravanampatti
491,"Saturday, December 02, 2017",02-12-2017 14:10,02-12-2017 14:49,0:39,63,8.3,0,Saturday,11.020522,76.966698,11.076375,77.002984,641012,Gandhipuram,641035,Saravanampatti
492,"Sunday, December 03, 2017",03-12-2017 17:15,03-12-2017 18:04,0:49,69,8.3,0,Sunday,11.020522,76.966698,11.076375,77.002984,641012,Gandhipuram,641035,Saravanampatti
493,"Monday, December 04, 2017",04-12-2017 6:45,04-12-2017 7:12,0:27,24,8.3,0,Monday,11.020522,76.966698,11.076375,77.002984,641012,Gandhipuram,641035,Saravanampatti
494,"Tuesday, December 05, 2017",05-12-2017 15:40,05-12-2017 16:11,0:31,43,8.3,0,Tuesday,11.020522,76.966698,11.076375,77.002984,641012,Gandhipuram,641035,Saravanampatti
495,"Wednesday, December 06, 2017",06-12-2017 19:30,06-12-2017 20:14,0:44,58,8.5,0,Wednesday,11.020522,76.966698,11.076375,77.002984,641012,Gandhipuram,641035,Saravanampatti
496,"Thursday, December 07, 2017",07-12-2017 23:15,07-12-2017 23:44,0:29,24,8.7,0,Thursday,11.020522,76.966698,11.076375,77.002984,641012,Gandhipuram,641035,Saravanampatti
497,"Friday, December 08, 2017",08-12-2017 21:20,08-12-2017 22:07,0:47,57,7.9,0,Friday,11.020522,76.966698,11.076375,77.002984,641012,Gandhipuram,641035,Saravanampatti
498,"Saturday, December 09, 2017",09-12-2017 9:30,09-12-2017 10:17,0:47,45,8.3,0,Saturday,11.020522,76.966698,11.076375,77.002984,641012,Gandhipuram,641035,Saravanampatti
499,"Sunday, December 10, 2017",10-12-2017 17:15,10-12-2017 18:07,0:52,56,7.9,0,Sunday,11.020522,76.966698,11.076375,77.002984,641012,Gandhipuram,641035,Saravanampatti
500,"Monday, December 11, 2017",11-12-2017 6:45,11-12-2017 7:09,0:24,29,8.3,0,Monday,11.020522,76.966698,11.076375,77.002984,641012,Gandhipuram,641035,Saravanampatti
501,"Tuesday, December 12, 2017",12-12-2017 15:40,12-12-2017 16:18,0:38,55,7.9,0,Tuesday,11.020522,76.966698,11.076375,77.002984,641012,Gandhipuram,641035,Saravanampatti
502,"Wednesday, December 13, 2017",13-12-2017 19:50,13-12-2017 20:32,0:42,71,7.9,0,Wednesday,11.020522,76.966698,11.076375,77.002984,641012,Gandhipuram,641035,Saravanampatti
503,"Thursday, December 14, 2017",14-12-2017 8:20,14-12-2017 9:04,0:44,67,8.5,0,Thursday,11.020522,76.966698,11.076375,77.002984,641012,Gandhipuram,641035,Saravanampatti
504,"Friday, December 15, 2017",15-12-2017 15:40,15-12-2017 16:17,0:37,43,7.9,0,Friday,11.020522,76.966698,11.076375,77.002984,641012,Gandhipuram,641035,Saravanampatti
505,"Saturday, December 16, 2017",16-12-2017 14:10,16-12-2017 14:46,0:36,46,8.5,0,Saturday,11.020522,76.966698,11.076375,77.002984,641012,Gandhipuram,641035,Saravanampatti
506,"Sunday, December 17, 2017",17-12-2017 8:20,17-12-2017 8:59,0:39,74,7.9,0,Sunday,11.020522,76.966698,11.076375,77.002984,641012,Gandhipuram,641035,Saravanampatti
507,"Monday, December 18, 2017",18-12-2017 15:00,18-12-2017 15:41,0:41,67,8.5,0,Monday,11.020522,76.966698,11.076375,77.002984,641012,Gandhipuram,641035,Saravanampatti
508,"Tuesday, December 19, 2017",19-12-2017 6:30,19-12-2017 6:59,0:29,71,8.3,0,Tuesday,11.020522,76.966698,11.076375,77.002984,641012,Gandhipuram,641035,Saravanampatti
509,"Tuesday, December 19, 2017",19-12-2017 20:35,19-12-2017 21:18,0:43,66,8.5,0,Tuesday,11.020522,76.966698,11.076375,77.002984,641012,Gandhipuram,641035,Saravanampatti
510,"Wednesday, December 20, 2017",20-12-2017 9:30,20-12-2017 10:16,0:46,61,8.1,0,Wednesday,11.020522,76.966698,11.076375,77.002984,641012,Gandhipuram,641035,Saravanampatti
511,"Thursday, December 21, 2017",21-12-2017 23:15,21-12-2017 23:43,0:28,32,8.5,0,Thursday,11.020522,76.966698,11.076375,77.002984,641012,Gandhipuram,641035,Saravanampatti
512,"Friday, December 22, 2017",22-12-2017 5:09,22-12-2017 5:35,0:26,81,8.1,0,Friday,11.020522,76.966698,11.076375,77.002984,641012,Gandhipuram,641035,Saravanampatti
513,"Saturday, December 23, 2017",23-12-2017 15:40,23-12-2017 16:13,0:33,57,8.5,0,Saturday,11.020522,76.966698,11.076375,77.002984,641012,Gandhipuram,641035,Saravanampatti
514,"Sunday, December 24, 2017",24-12-2017 14:10,24-12-2017 14:48,0:38,67,8.3,0,Sunday,11.020522,76.966698,11.076375,77.002984,641012,Gandhipuram,641035,Saravanampatti
515,"Monday, December 25, 2017",25-12-2017 8:20,25-12-2017 9:13,0:53,61,8.1,1,Monday,11.020522,76.966698,11.076375,77.002984,641012,Gandhipuram,641035,Saravanampatti
516,"Tuesday, December 26, 2017",26-12-2017 15:00,26-12-2017 15:36,0:36,43,8.3,0,Tuesday,11.020522,76.966698,11.076375,77.002984,641012,Gandhipuram,641035,Saravanampatti
517,"Wednesday, December 27, 2017",27-12-2017 23:45,28-12-2017 0:10,0:25,31,8.1,0,Wednesday,11.020522,76.966698,11.076375,77.002984,641012,Gandhipuram,641035,Saravanampatti
518,"Thursday, December 28, 2017",28-12-2017 6:45,28-12-2017 7:09,0:24,29,8.3,0,Thursday,11.020522,76.966698,11.076375,77.002984,641012,Gandhipuram,641035,Saravanampatti
519,"Friday, December 29, 2017",29-12-2017 19:30,29-12-2017 20:21,0:51,71,8.5,0,Friday,11.020522,76.966698,11.076375,77.002984,641012,Gandhipuram,641035,Saravanampatti
520,"Saturday, December 30, 2017",30-12-2017 19:50,30-12-2017 20:46,0:56,74,8.1,0,Saturday,11.020522,76.966698,11.076375,77.002984,641012,Gandhipuram,641035,Saravanampatti
521,"Sunday, December 31, 2017",31-12-2017 20:15,31-12-2017 21:02,0:47,73,8.5,1,Sunday,11.020522,76.966698,11.076375,77.002984,641012,Gandhipuram,641035,Saravanampatti
