bus_id,pickup_datetime,dropoff_datetime,holiday,day,pickup_latitude,pickup_longitude,dropoff_latitude,dropoff_longitude,pickup_zip,pickup_location,dropoff_zip,dropoff_location
1,01-01-2017 10:18,01-01-2017 10:53,1,Sunday,11.020522,76.966698,10.9987351,77.0319784,641012,Gandhipuram,641005,Singanallur
2,02-01-2017 21:20,02-01-2017 22:00,0,Monday,11.020522,76.966698,10.9987351,77.0319784,641012,Gandhipuram,641005,Singanallur
3,03-01-2017 14:10,03-01-2017 14:50,0,Tuesday,11.020522,76.966698,10.9987351,77.0319784,641012,Gandhipuram,641005,Singanallur
4,04-01-2017 17:15,04-01-2017 17:58,0,Wednesday,11.020522,76.966698,10.9987351,77.0319784,641012,Gandhipuram,641005,Singanallur
5,05-01-2017 15:00,05-01-2017 15:40,0,Thursday,11.020522,76.966698,10.9987351,77.0319784,641012,Gandhipuram,641005,Singanallur
6,06-01-2017 17:09,06-01-2017 17:54,0,Friday,11.020522,76.966698,10.9987351,77.0319784,641012,Gandhipuram,641005,Singanallur
7,07-01-2017 6:45,07-01-2017 7:15,0,Saturday,11.020522,76.966698,10.9987351,77.0319784,641012,Gandhipuram,641005,Singanallur
8,08-01-2017 20:35,08-01-2017 21:10,0,Sunday,11.020522,76.966698,10.9987351,77.0319784,641012,Gandhipuram,641005,Singanallur
9,09-01-2017 13:15,09-01-2017 13:55,0,Monday,11.020522,76.966698,10.9987351,77.0319784,641012,Gandhipuram,641005,Singanallur
10,10-01-2017 5:09,10-01-2017 5:37,0,Tuesday,11.020522,76.966698,10.9987351,77.0319784,641012,Gandhipuram,641005,Singanallur
11,11-01-2017 15:40,11-01-2017 16:25,0,Wednesday,11.020522,76.966698,10.9987351,77.0319784,641012,Gandhipuram,641005,Singanallur
12,12-01-2017 14:10,12-01-2017 14:50,0,Thursday,11.020522,76.966698,10.9987351,77.0319784,641012,Gandhipuram,641005,Singanallur
13,13-01-2017 8:20,13-01-2017 9:05,1,Friday,11.020522,76.966698,10.9987351,77.0319784,641012,Gandhipuram,641005,Singanallur
14,14-01-2017 15:00,14-01-2017 15:40,1,Saturday,11.020522,76.966698,10.9987351,77.0319784,641012,Gandhipuram,641005,Singanallur
15,15-01-2017 17:09,15-01-2017 17:44,1,Sunday,11.020522,76.966698,10.9987351,77.0319784,641012,Gandhipuram,641005,Singanallur
16,16-01-2017 6:45,16-01-2017 7:18,1,Monday,11.020522,76.966698,10.9987351,77.0319784,641012,Gandhipuram,641005,Singanallur
17,17-01-2017 20:35,17-01-2017 21:20,0,Tuesday,11.020522,76.966698,10.9987351,77.0319784,641012,Gandhipuram,641005,Singanallur
18,18-01-2017 19:50,18-01-2017 20:40,0,Wednesday,11.020522,76.966698,10.9987351,77.0319784,641012,Gandhipuram,641005,Singanallur
19,19-01-2017 23:15,19-01-2017 23:50,0,Thursday,11.020522,76.966698,10.9987351,77.0319784,641012,Gandhipuram,641005,Singanallur
20,20-01-2017 6:30,20-01-2017 7:00,0,Friday,11.020522,76.966698,10.9987351,77.0319784,641012,Gandhipuram,641005,Singanallur
21,21-01-2017 19:30,21-01-2017 20:15,0,Saturday,11.020522,76.966698,10.9987351,77.0319784,641012,Gandhipuram,641005,Singanallur
22,22-01-2017 13:15,22-01-2017 13:50,0,Sunday,11.020522,76.966698,10.9987351,77.0319784,641012,Gandhipuram,641005,Singanallur
23,23-01-2017 6:45,23-01-2017 7:15,0,Monday,11.020522,76.966698,10.9987351,77.0319784,641012,Gandhipuram,641005,Singanallur
24,24-01-2017 20:35,24-01-2017 21:20,0,Tuesday,11.020522,76.966698,10.9987351,77.0319784,641012,Gandhipuram,641005,Singanallur
25,25-01-2017 19:50,25-01-2017 20:40,0,Wednesday,11.020522,76.966698,10.9987351,77.0319784,641012,Gandhipuram,641005,Singanallur
26,26-01-2017 23:15,26-01-2017 23:53,1,Thursday,11.020522,76.966698,10.9987351,77.0319784,641012,Gandhipuram,641005,Singanallur
27,27-01-2017 6:30,27-01-2017 7:00,0,Friday,11.020522,76.966698,10.9987351,77.0319784,641012,Gandhipuram,641005,Singanallur
28,28-01-2017 19:30,28-01-2017 20:15,0,Saturday,11.020522,76.966698,10.9987351,77.0319784,641012,Gandhipuram,641005,Singanallur
29,29-01-2017 13:15,29-01-2017 13:50,0,Sunday,11.020522,76.966698,10.9987351,77.0319784,641012,Gandhipuram,641005,Singanallur
30,30-01-2017 6:45,30-01-2017 7:15,0,Monday,11.020522,76.966698,10.9987351,77.0319784,641012,Gandhipuram,641005,Singanallur
31,31-01-2017 20:35,31-01-2017 21:20,0,Tuesday,11.020522,76.966698,10.9987351,77.0319784,641012,Gandhipuram,641005,Singanallur
32,01-02-2017 19:50,01-02-2017 20:25,0,Wednesday,11.020522,76.966698,11.0812183,76.941558,641012,Gandhipuram,641034,Thudiyalur
33,02-02-2017 23:15,02-02-2017 23:33,0,Thursday,11.020522,76.966698,11.0812183,76.941558,641012,Gandhipuram,641034,Thudiyalur
34,03-02-2017 17:15,03-02-2017 17:56,0,Friday,11.020522,76.966698,11.0812183,76.941558,641012,Gandhipuram,641034,Thudiyalur
35,04-02-2017 19:30,04-02-2017 20:00,0,Saturday,11.020522,76.966698,11.0812183,76.941558,641012,Gandhipuram,641034,Thudiyalur
36,05-02-2017 13:15,05-02-2017 13:40,0,Sunday,11.020522,76.966698,11.0812183,76.941558,641012,Gandhipuram,641034,Thudiyalur
37,06-02-2017 17:09,06-02-2017 17:39,0,Monday,11.020522,76.966698,11.0812183,76.941558,641012,Gandhipuram,641034,Thudiyalur
38,07-02-2017 6:45,07-02-2017 7:01,0,Tuesday,11.020522,76.966698,11.0812183,76.941558,641012,Gandhipuram,641034,Thudiyalur
39,08-02-2017 20:35,08-02-2017 21:08,0,Wednesday,11.020522,76.966698,11.0812183,76.941558,641012,Gandhipuram,641034,Thudiyalur
40,09-02-2017 19:50,09-02-2017 20:22,0,Thursday,11.020522,76.966698,11.0812183,76.941558,641012,Gandhipuram,641034,Thudiyalur
41,10-02-2017 5:09,10-02-2017 5:25,0,Friday,11.020522,76.966698,11.0812183,76.941558,641012,Gandhipuram,641034,Thudiyalur
42,11-02-2017 21:20,11-02-2017 21:38,0,Saturday,11.020522,76.966698,11.0812183,76.941558,641012,Gandhipuram,641034,Thudiyalur
43,12-02-2017 14:10,12-02-2017 14:36,0,Sunday,11.020522,76.966698,11.0812183,76.941558,641012,Gandhipuram,641034,Thudiyalur
44,13-02-2017 17:15,13-02-2017 17:47,0,Monday,11.020522,76.966698,11.0812183,76.941558,641012,Gandhipuram,641034,Thudiyalur
45,14-02-2017 15:00,14-02-2017 15:25,0,Tuesday,11.020522,76.966698,11.0812183,76.941558,641012,Gandhipuram,641034,Thudiyalur
46,15-02-2017 17:09,15-02-2017 17:45,0,Wednesday,11.020522,76.966698,11.0812183,76.941558,641012,Gandhipuram,641034,Thudiyalur
47,16-02-2017 6:45,16-02-2017 7:02,0,Thursday,11.020522,76.966698,11.0812183,76.941558,641012,Gandhipuram,641034,Thudiyalur
48,17-02-2017 19:30,17-02-2017 20:12,0,Friday,11.020522,76.966698,11.0812183,76.941558,641012,Gandhipuram,641034,Thudiyalur
49,18-02-2017 19:50,18-02-2017 20:12,0,Saturday,11.020522,76.966698,11.0812183,76.941558,641012,Gandhipuram,641034,Thudiyalur
50,19-02-2017 20:15,19-02-2017 20:50,0,Sunday,11.020522,76.966698,11.0812183,76.941558,641012,Gandhipuram,641034,Thudiyalur
51,20-02-2017 21:20,20-02-2017 21:41,0,Monday,11.020522,76.966698,11.0812183,76.941558,641012,Gandhipuram,641034,Thudiyalur
52,21-02-2017 20:35,21-02-2017 21:05,0,Tuesday,11.020522,76.966698,11.0812183,76.941558,641012,Gandhipuram,641034,Thudiyalur
53,21-02-2017 9:30,21-02-2017 10:12,0,Tuesday,11.020522,76.966698,11.0812183,76.941558,641012,Gandhipuram,641034,Thudiyalur
54,22-02-2017 17:15,22-02-2017 17:54,0,Wednesday,11.020522,76.966698,11.0812183,76.941558,641012,Gandhipuram,641034,Thudiyalur
55,23-02-2017 6:45,23-02-2017 7:03,0,Thursday,11.020522,76.966698,11.0812183,76.941558,641012,Gandhipuram,641034,Thudiyalur
56,24-02-2017 15:40,24-02-2017 16:10,0,Friday,11.020522,76.966698,11.0812183,76.941558,641012,Gandhipuram,641034,Thudiyalur
57,25-02-2017 19:50,25-02-2017 20:13,0,Saturday,11.020522,76.966698,11.0812183,76.941558,641012,Gandhipuram,641034,Thudiyalur
58,26-02-2017 8:20,26-02-2017 8:44,0,Sunday,11.020522,76.966698,11.0812183,76.941558,641012,Gandhipuram,641034,Thudiyalur
59,27-02-2017 15:40,27-02-2017 16:18,0,Monday,11.020522,76.966698,11.0812183,76.941558,641012,Gandhipuram,641034,Thudiyalur
60,28-02-2017 14:10,28-02-2017 14:35,0,Tuesday,11.020522,76.966698,11.0812183,76.941558,641012,Gandhipuram,641034,Thudiyalur
61,01-03-2017 8:20,01-03-2017 9:05,0,Wednesday,11.020522,76.966698,10.9987351,77.0319784,641012,Gandhipuram,641005,Singanallur
62,02-03-2017 15:00,02-03-2017 15:40,0,Thursday,11.020522,76.966698,10.9987351,77.0319784,641012,Gandhipuram,641005,Singanallur
63,03-03-2017 20:35,03-03-2017 21:25,0,Friday,11.020522,76.966698,10.9987351,77.0319784,641012,Gandhipuram,641005,Singanallur
64,04-03-2017 9:30,04-03-2017 10:10,0,Saturday,11.020522,76.966698,10.9987351,77.0319784,641012,Gandhipuram,641005,Singanallur
65,05-03-2017 23:15,05-03-2017 23:50,0,Sunday,11.020522,76.966698,10.9987351,77.0319784,641012,Gandhipuram,641005,Singanallur
66,06-03-2017 21:20,06-03-2017 22:00,0,Monday,11.020522,76.966698,10.9987351,77.0319784,641012,Gandhipuram,641005,Singanallur
67,07-03-2017 9:30,07-03-2017 10:20,0,Tuesday,11.020522,76.966698,10.9987351,77.0319784,641012,Gandhipuram,641005,Singanallur
68,08-03-2017 17:15,08-03-2017 17:58,0,Wednesday,11.020522,76.966698,10.9987351,77.0319784,641012,Gandhipuram,641005,Singanallur
69,09-03-2017 6:45,09-03-2017 7:15,0,Thursday,11.020522,76.966698,10.9987351,77.0319784,641012,Gandhipuram,641005,Singanallur
70,10-03-2017 15:40,10-03-2017 16:18,0,Friday,11.020522,76.966698,10.9987351,77.0319784,641012,Gandhipuram,641005,Singanallur
71,11-03-2017 19:50,11-03-2017 20:30,0,Saturday,11.020522,76.966698,10.9987351,77.0319784,641012,Gandhipuram,641005,Singanallur
72,12-03-2017 8:20,12-03-2017 8:55,0,Sunday,11.020522,76.966698,10.9987351,77.0319784,641012,Gandhipuram,641005,Singanallur
73,13-03-2017 20:15,13-03-2017 20:55,1,Monday,11.020522,76.966698,10.9987351,77.0319784,641012,Gandhipuram,641005,Singanallur
74,14-03-2017 21:20,14-03-2017 22:00,0,Tuesday,11.020522,76.966698,10.9987351,77.0319784,641012,Gandhipuram,641005,Singanallur
75,15-03-2017 9:30,15-03-2017 10:20,0,Wednesday,11.020522,76.966698,10.9987351,77.0319784,641012,Gandhipuram,641005,Singanallur
76,16-03-2017 17:15,16-03-2017 18:00,0,Thursday,11.020522,76.966698,10.9987351,77.0319784,641012,Gandhipuram,641005,Singanallur
77,17-03-2017 9:10,17-03-2017 9:55,0,Friday,11.020522,76.966698,10.9987351,77.0319784,641012,Gandhipuram,641005,Singanallur
78,18-03-2017 17:09,18-03-2017 17:44,0,Saturday,11.020522,76.966698,10.9987351,77.0319784,641012,Gandhipuram,641005,Singanallur
79,19-03-2017 6:30,19-03-2017 7:00,0,Sunday,11.020522,76.966698,10.9987351,77.0319784,641012,Gandhipuram,641005,Singanallur
80,20-03-2017 20:35,20-03-2017 21:20,0,Monday,11.020522,76.966698,10.9987351,77.0319784,641012,Gandhipuram,641005,Singanallur
81,21-03-2017 13:15,21-03-2017 13:55,0,Tuesday,11.020522,76.966698,10.9987351,77.0319784,641012,Gandhipuram,641005,Singanallur
82,22-03-2017 5:09,22-03-2017 5:37,0,Wednesday,11.020522,76.966698,10.9987351,77.0319784,641012,Gandhipuram,641005,Singanallur
83,23-03-2017 15:40,23-03-2017 16:25,0,Thursday,11.020522,76.966698,10.9987351,77.0319784,641012,Gandhipuram,641005,Singanallur
84,24-03-2017 14:10,24-03-2017 14:45,0,Friday,11.020522,76.966698,10.9987351,77.0319784,641012,Gandhipuram,641005,Singanallur
85,25-03-2017 8:20,25-03-2017 9:06,0,Saturday,11.020522,76.966698,10.9987351,77.0319784,641012,Gandhipuram,641005,Singanallur
86,26-03-2017 15:00,26-03-2017 15:35,0,Sunday,11.020522,76.966698,10.9987351,77.0319784,641012,Gandhipuram,641005,Singanallur
87,27-03-2017 23:45,28-03-2017 0:20,0,Monday,11.020522,76.966698,10.9987351,77.0319784,641012,Gandhipuram,641005,Singanallur
88,28-03-2017 6:45,28-03-2017 7:18,1,Tuesday,11.020522,76.966698,10.9987351,77.0319784,641012,Gandhipuram,641005,Singanallur
89,29-03-2017 19:30,29-03-2017 20:10,1,Wednesday,11.020522,76.966698,10.9987351,77.0319784,641012,Gandhipuram,641005,Singanallur
90,30-03-2017 19:50,30-03-2017 20:40,0,Thursday,11.020522,76.966698,10.9987351,77.0319784,641012,Gandhipuram,641005,Singanallur
91,31-03-2017 14:10,31-03-2017 14:45,0,Friday,11.020522,76.966698,10.9987351,77.0319784,641012,Gandhipuram,641005,Singanallur
92,01-04-2017 6:30,01-04-2017 6:58,0,Saturday,11.020522,76.966698,11.0812183,76.941558,641012,Gandhipuram,641034,Thudiyalur
93,02-04-2017 15:00,02-04-2017 15:22,0,Sunday,11.020522,76.966698,11.0812183,76.941558,641012,Gandhipuram,641034,Thudiyalur
94,03-04-2017 13:15,03-04-2017 13:41,0,Monday,11.020522,76.966698,11.0812183,76.941558,641012,Gandhipuram,641034,Thudiyalur
95,04-04-2017 6:30,04-04-2017 6:45,0,Tuesday,11.020522,76.966698,11.0812183,76.941558,641012,Gandhipuram,641034,Thudiyalur
96,05-04-2017 20:35,05-04-2017 21:05,0,Wednesday,11.020522,76.966698,11.0812183,76.941558,641012,Gandhipuram,641034,Thudiyalur
97,06-04-2017 13:15,06-04-2017 13:43,0,Thursday,11.020522,76.966698,11.0812183,76.941558,641012,Gandhipuram,641034,Thudiyalur
98,07-04-2017 23:15,07-04-2017 23:40,0,Friday,11.020522,76.966698,11.0812183,76.941558,641012,Gandhipuram,641034,Thudiyalur
99,08-04-2017 17:15,08-04-2017 17:45,0,Saturday,11.020522,76.966698,11.0812183,76.941558,641012,Gandhipuram,641034,Thudiyalur
100,09-04-2017 19:30,09-04-2017 20:06,0,Sunday,11.020522,76.966698,11.0812183,76.941558,641012,Gandhipuram,641034,Thudiyalur
101,10-04-2017 23:45,11-04-2017 0:03,0,Monday,11.020522,76.966698,11.0812183,76.941558,641012,Gandhipuram,641034,Thudiyalur
102,11-04-2017 6:45,11-04-2017 7:05,0,Tuesday,11.020522,76.966698,11.0812183,76.941558,641012,Gandhipuram,641034,Thudiyalur
103,12-04-2017 19:30,12-04-2017 20:10,0,Wednesday,11.020522,76.966698,11.0812183,76.941558,641012,Gandhipuram,641034,Thudiyalur
104,13-04-2017 19:50,13-04-2017 20:30,0,Thursday,11.020522,76.966698,11.0812183,76.941558,641012,Gandhipuram,641034,Thudiyalur
105,14-04-2017 14:10,14-04-2017 14:32,1,Friday,11.020522,76.966698,11.0812183,76.941558,641012,Gandhipuram,641034,Thudiyalur
106,15-04-2017 6:30,15-04-2017 6:47,0,Saturday,11.020522,76.966698,11.0812183,76.941558,641012,Gandhipuram,641034,Thudiyalur
107,16-04-2017 15:00,16-04-2017 15:25,0,Sunday,11.020522,76.966698,11.0812183,76.941558,641012,Gandhipuram,641034,Thudiyalur
108,17-04-2017 13:15,17-04-2017 13:40,0,Monday,11.020522,76.966698,11.0812183,76.941558,641012,Gandhipuram,641034,Thudiyalur
109,18-04-2017 23:45,19-04-2017 0:03,0,Tuesday,11.020522,76.966698,11.0812183,76.941558,641012,Gandhipuram,641034,Thudiyalur
110,19-04-2017 6:45,19-04-2017 7:05,0,Wednesday,11.020522,76.966698,11.0812183,76.941558,641012,Gandhipuram,641034,Thudiyalur
111,20-04-2017 19:30,20-04-2017 20:10,0,Thursday,11.020522,76.966698,11.0812183,76.941558,641012,Gandhipuram,641034,Thudiyalur
112,21-04-2017 19:50,21-04-2017 20:25,0,Friday,11.020522,76.966698,11.0812183,76.941558,641012,Gandhipuram,641034,Thudiyalur
113,22-04-2017 20:15,22-04-2017 20:40,0,Saturday,11.020522,76.966698,11.0812183,76.941558,641012,Gandhipuram,641034,Thudiyalur
114,23-04-2017 21:20,23-04-2017 21:46,0,Sunday,11.020522,76.966698,11.0812183,76.941558,641012,Gandhipuram,641034,Thudiyalur
115,24-04-2017 14:10,24-04-2017 14:36,0,Monday,11.020522,76.966698,11.0812183,76.941558,641012,Gandhipuram,641034,Thudiyalur
116,25-04-2017 17:15,25-04-2017 17:53,0,Tuesday,11.020522,76.966698,11.0812183,76.941558,641012,Gandhipuram,641034,Thudiyalur
117,26-04-2017 15:00,26-04-2017 15:25,0,Wednesday,11.020522,76.966698,11.0812183,76.941558,641012,Gandhipuram,641034,Thudiyalur
118,26-04-2017 13:15,26-04-2017 13:50,0,Wednesday,11.020522,76.966698,11.0812183,76.941558,641012,Gandhipuram,641034,Thudiyalur
119,27-04-2017 20:15,27-04-2017 20:53,0,Thursday,11.020522,76.966698,11.0812183,76.941558,641012,Gandhipuram,641034,Thudiyalur
120,28-04-2017 6:30,28-04-2017 6:48,0,Friday,11.020522,76.966698,11.0812183,76.941558,641012,Gandhipuram,641034,Thudiyalur
121,29-04-2017 20:35,29-04-2017 20:59,0,Saturday,11.020522,76.966698,11.0812183,76.941558,641012,Gandhipuram,641034,Thudiyalur
122,30-04-2017 13:15,30-04-2017 13:39,0,Sunday,11.020522,76.966698,11.0812183,76.941558,641012,Gandhipuram,641034,Thudiyalur
123,01-05-2017 5:09,01-05-2017 5:37,0,Monday,11.020522,76.966698,10.9987351,77.0319784,641012,Gandhipuram,641005,Singanallur
124,02-05-2017 15:40,02-05-2017 16:25,0,Tuesday,11.020522,76.966698,10.9987351,77.0319784,641012,Gandhipuram,641005,Singanallur
125,03-05-2017 14:10,03-05-2017 14:50,0,Wednesday,11.020522,76.966698,10.9987351,77.0319784,641012,Gandhipuram,641005,Singanallur
126,04-05-2017 17:15,04-05-2017 17:58,0,Thursday,11.020522,76.966698,10.9987351,77.0319784,641012,Gandhipuram,641005,Singanallur
127,05-05-2017 15:00,05-05-2017 15:35,0,Friday,11.020522,76.966698,10.9987351,77.0319784,641012,Gandhipuram,641005,Singanallur
128,06-05-2017 15:40,06-05-2017 16:15,0,Saturday,11.020522,76.966698,10.9987351,77.0319784,641012,Gandhipuram,641005,Singanallur
129,07-05-2017 9:30,07-05-2017 10:05,0,Sunday,11.020522,76.966698,10.9987351,77.0319784,641012,Gandhipuram,641005,Singanallur
130,08-05-2017 8:20,08-05-2017 9:05,0,Monday,11.020522,76.966698,10.9987351,77.0319784,641012,Gandhipuram,641005,Singanallur
131,09-05-2017 21:20,09-05-2017 22:00,0,Tuesday,11.020522,76.966698,10.9987351,77.0319784,641012,Gandhipuram,641005,Singanallur
132,10-05-2017 14:10,10-05-2017 14:50,0,Wednesday,11.020522,76.966698,10.9987351,77.0319784,641012,Gandhipuram,641005,Singanallur
133,11-05-2017 17:15,11-05-2017 17:58,0,Thursday,11.020522,76.966698,10.9987351,77.0319784,641012,Gandhipuram,641005,Singanallur
134,12-05-2017 15:00,12-05-2017 15:35,0,Friday,11.020522,76.966698,10.9987351,77.0319784,641012,Gandhipuram,641005,Singanallur
135,13-05-2017 15:40,13-05-2017 16:15,0,Saturday,11.020522,76.966698,10.9987351,77.0319784,641012,Gandhipuram,641005,Singanallur
136,14-05-2017 9:30,14-05-2017 10:05,0,Sunday,11.020522,76.966698,10.9987351,77.0319784,641012,Gandhipuram,641005,Singanallur
137,15-05-2017 8:20,15-05-2017 9:05,0,Monday,11.020522,76.966698,10.9987351,77.0319784,641012,Gandhipuram,641005,Singanallur
138,16-05-2017 21:20,16-05-2017 22:00,0,Tuesday,11.020522,76.966698,10.9987351,77.0319784,641012,Gandhipuram,641005,Singanallur
139,17-05-2017 14:10,17-05-2017 14:50,0,Wednesday,11.020522,76.966698,10.9987351,77.0319784,641012,Gandhipuram,641005,Singanallur
140,18-05-2017 17:15,18-05-2017 17:58,0,Thursday,11.020522,76.966698,10.9987351,77.0319784,641012,Gandhipuram,641005,Singanallur
141,19-05-2017 15:00,19-05-2017 15:35,0,Friday,11.020522,76.966698,10.9987351,77.0319784,641012,Gandhipuram,641005,Singanallur
142,20-05-2017 15:40,20-05-2017 16:15,0,Saturday,11.020522,76.966698,10.9987351,77.0319784,641012,Gandhipuram,641005,Singanallur
143,21-05-2017 9:30,21-05-2017 10:05,0,Sunday,11.020522,76.966698,10.9987351,77.0319784,641012,Gandhipuram,641005,Singanallur
144,22-05-2017 8:20,22-05-2017 9:05,0,Monday,11.020522,76.966698,10.9987351,77.0319784,641012,Gandhipuram,641005,Singanallur
145,23-05-2017 5:09,23-05-2017 5:37,0,Tuesday,11.020522,76.966698,10.9987351,77.0319784,641012,Gandhipuram,641005,Singanallur
146,24-05-2017 21:20,24-05-2017 22:00,0,Wednesday,11.020522,76.966698,10.9987351,77.0319784,641012,Gandhipuram,641005,Singanallur
147,25-05-2017 14:10,25-05-2017 14:50,0,Thursday,11.020522,76.966698,10.9987351,77.0319784,641012,Gandhipuram,641005,Singanallur
148,26-05-2017 17:15,26-05-2017 17:55,0,Friday,11.020522,76.966698,10.9987351,77.0319784,641012,Gandhipuram,641005,Singanallur
149,27-05-2017 15:00,27-05-2017 15:35,0,Saturday,11.020522,76.966698,10.9987351,77.0319784,641012,Gandhipuram,641005,Singanallur
150,28-05-2017 17:09,28-05-2017 17:49,0,Sunday,11.020522,76.966698,10.9987351,77.0319784,641012,Gandhipuram,641005,Singanallur
151,29-05-2017 6:30,29-05-2017 7:00,0,Monday,11.020522,76.966698,10.9987351,77.0319784,641012,Gandhipuram,641005,Singanallur
152,31-05-2017 13:15,31-05-2017 13:55,0,Wednesday,11.020522,76.966698,10.9987351,77.0319784,641012,Gandhipuram,641005,Singanallur
153,01-06-2017 5:09,01-06-2017 5:24,0,Thursday,11.020522,76.966698,11.0812183,76.941558,641012,Gandhipuram,641034,Thudiyalur
154,02-06-2017 15:40,02-06-2017 16:06,0,Friday,11.020522,76.966698,11.0812183,76.941558,641012,Gandhipuram,641034,Thudiyalur
155,04-06-2017 8:20,04-06-2017 8:40,0,Sunday,11.020522,76.966698,11.0812183,76.941558,641012,Gandhipuram,641034,Thudiyalur
156,05-06-2017 15:00,05-06-2017 15:24,0,Monday,11.020522,76.966698,11.0812183,76.941558,641012,Gandhipuram,641034,Thudiyalur
157,06-06-2017 23:45,07-06-2017 0:02,0,Tuesday,11.020522,76.966698,11.0812183,76.941558,641012,Gandhipuram,641034,Thudiyalur
158,07-06-2017 6:45,07-06-2017 7:05,0,Wednesday,11.020522,76.966698,11.0812183,76.941558,641012,Gandhipuram,641034,Thudiyalur
159,08-06-2017 20:35,08-06-2017 21:07,0,Thursday,11.020522,76.966698,11.0812183,76.941558,641012,Gandhipuram,641034,Thudiyalur
160,09-06-2017 19:50,09-06-2017 20:28,0,Friday,11.020522,76.966698,11.0812183,76.941558,641012,Gandhipuram,641034,Thudiyalur
161,10-06-2017 23:15,10-06-2017 23:35,0,Saturday,11.020522,76.966698,11.0812183,76.941558,641012,Gandhipuram,641034,Thudiyalur
162,11-06-2017 6:30,11-06-2017 6:45,0,Sunday,11.020522,76.966698,11.0812183,76.941558,641012,Gandhipuram,641034,Thudiyalur
163,12-06-2017 19:30,12-06-2017 20:10,0,Monday,11.020522,76.966698,11.0812183,76.941558,641012,Gandhipuram,641034,Thudiyalur
164,13-06-2017 13:15,13-06-2017 13:51,0,Tuesday,11.020522,76.966698,11.0812183,76.941558,641012,Gandhipuram,641034,Thudiyalur
165,14-06-2017 6:45,14-06-2017 7:03,0,Wednesday,11.020522,76.966698,11.0812183,76.941558,641012,Gandhipuram,641034,Thudiyalur
166,15-06-2017 20:35,15-06-2017 21:05,0,Thursday,11.020522,76.966698,11.0812183,76.941558,641012,Gandhipuram,641034,Thudiyalur
167,16-06-2017 13:15,16-06-2017 13:43,0,Friday,11.020522,76.966698,11.0812183,76.941558,641012,Gandhipuram,641034,Thudiyalur
168,17-06-2017 14:10,17-06-2017 14:39,0,Saturday,11.020522,76.966698,11.0812183,76.941558,641012,Gandhipuram,641034,Thudiyalur
169,19-06-2017 15:00,19-06-2017 15:27,0,Monday,11.020522,76.966698,11.0812183,76.941558,641012,Gandhipuram,641034,Thudiyalur
170,21-06-2017 6:30,21-06-2017 6:45,0,Wednesday,11.020522,76.966698,11.0812183,76.941558,641012,Gandhipuram,641034,Thudiyalur
171,22-06-2017 20:35,22-06-2017 21:04,0,Thursday,11.020522,76.966698,11.0812183,76.941558,641012,Gandhipuram,641034,Thudiyalur
172,23-06-2017 13:15,23-06-2017 13:42,0,Friday,11.020522,76.966698,11.0812183,76.941558,641012,Gandhipuram,641034,Thudiyalur
173,24-06-2017 23:15,24-06-2017 23:35,0,Saturday,11.020522,76.966698,11.0812183,76.941558,641012,Gandhipuram,641034,Thudiyalur
174,25-06-2017 17:15,25-06-2017 17:46,1,Sunday,11.020522,76.966698,11.0812183,76.941558,641012,Gandhipuram,641034,Thudiyalur
175,26-06-2017 19:30,26-06-2017 20:12,0,Monday,11.020522,76.966698,11.0812183,76.941558,641012,Gandhipuram,641034,Thudiyalur
176,27-06-2017 9:10,27-06-2017 9:50,0,Tuesday,11.020522,76.966698,11.0812183,76.941558,641012,Gandhipuram,641034,Thudiyalur
177,28-06-2017 17:09,28-06-2017 17:48,0,Wednesday,11.020522,76.966698,11.0812183,76.941558,641012,Gandhipuram,641034,Thudiyalur
178,29-06-2017 6:30,29-06-2017 6:46,0,Thursday,11.020522,76.966698,11.0812183,76.941558,641012,Gandhipuram,641034,Thudiyalur
179,30-06-2017 20:35,30-06-2017 21:11,0,Friday,11.020522,76.966698,11.0812183,76.941558,641012,Gandhipuram,641034,Thudiyalur
180,01-07-2017 19:50,01-07-2017 20:16,0,Saturday,11.020522,76.966698,10.9963653,76.9672218,641012,Gandhipuram,641018,Railway
181,01-07-2017 8:20,01-07-2017 8:39,0,Saturday,11.020522,76.966698,10.9963653,76.9672218,641012,Gandhipuram,641018,Railway
182,01-07-2017 15:00,01-07-2017 15:19,0,Saturday,11.020522,76.966698,10.9963653,76.9672218,641012,Gandhipuram,641018,Railway
183,01-07-2017 13:15,01-07-2017 13:35,0,Saturday,11.020522,76.966698,10.9963653,76.9672218,641012,Gandhipuram,641018,Railway
184,02-07-2017 5:09,02-07-2017 5:34,0,Sunday,11.020522,76.966698,10.9963653,76.9672218,641012,Gandhipuram,641018,Railway
185,02-07-2017 9:10,02-07-2017 9:34,0,Sunday,11.020522,76.966698,10.9963653,76.9672218,641012,Gandhipuram,641018,Railway
186,02-07-2017 17:09,02-07-2017 17:39,0,Sunday,11.020522,76.966698,10.9963653,76.9672218,641012,Gandhipuram,641018,Railway
187,02-07-2017 20:15,02-07-2017 20:38,0,Sunday,11.020522,76.966698,10.9963653,76.9672218,641012,Gandhipuram,641018,Railway
188,03-07-2017 21:20,03-07-2017 21:40,0,Monday,11.020522,76.966698,10.9963653,76.9672218,641012,Gandhipuram,641018,Railway
189,03-07-2017 23:45,04-07-2017 0:04,0,Monday,11.020522,76.966698,10.9963653,76.9672218,641012,Gandhipuram,641018,Railway
190,03-07-2017 6:45,03-07-2017 7:01,0,Monday,11.020522,76.966698,10.9963653,76.9672218,641012,Gandhipuram,641018,Railway
191,03-07-2017 15:40,03-07-2017 16:04,0,Monday,11.020522,76.966698,10.9963653,76.9672218,641012,Gandhipuram,641018,Railway
192,04-07-2017 14:10,04-07-2017 14:30,0,Tuesday,11.020522,76.966698,10.9963653,76.9672218,641012,Gandhipuram,641018,Railway
193,04-07-2017 6:30,04-07-2017 6:46,0,Tuesday,11.020522,76.966698,10.9963653,76.9672218,641012,Gandhipuram,641018,Railway
194,04-07-2017 20:35,04-07-2017 20:51,0,Tuesday,11.020522,76.966698,10.9963653,76.9672218,641012,Gandhipuram,641018,Railway
195,04-07-2017 9:30,04-07-2017 9:59,0,Tuesday,11.020522,76.966698,10.9963653,76.9672218,641012,Gandhipuram,641018,Railway
196,05-07-2017 17:15,05-07-2017 17:39,0,Wednesday,11.020522,76.966698,10.9963653,76.9672218,641012,Gandhipuram,641018,Railway
197,05-07-2017 19:30,05-07-2017 19:45,0,Wednesday,11.020522,76.966698,10.9963653,76.9672218,641012,Gandhipuram,641018,Railway
198,05-07-2017 19:50,05-07-2017 20:09,0,Wednesday,11.020522,76.966698,10.9963653,76.9672218,641012,Gandhipuram,641018,Railway
199,05-07-2017 8:20,05-07-2017 8:42,0,Wednesday,11.020522,76.966698,10.9963653,76.9672218,641012,Gandhipuram,641018,Railway
200,06-07-2017 15:00,06-07-2017 15:23,0,Thursday,11.020522,76.966698,10.9963653,76.9672218,641012,Gandhipuram,641018,Railway
201,06-07-2017 13:15,06-07-2017 13:34,0,Thursday,11.020522,76.966698,10.9963653,76.9672218,641012,Gandhipuram,641018,Railway
202,06-07-2017 5:09,06-07-2017 5:25,0,Thursday,11.020522,76.966698,10.9963653,76.9672218,641012,Gandhipuram,641018,Railway
203,06-07-2017 9:10,06-07-2017 9:34,0,Thursday,11.020522,76.966698,10.9963653,76.9672218,641012,Gandhipuram,641018,Railway
204,07-07-2017 17:09,07-07-2017 17:34,0,Friday,11.020522,76.966698,10.9963653,76.9672218,641012,Gandhipuram,641018,Railway
205,07-07-2017 20:15,07-07-2017 20:35,0,Friday,11.020522,76.966698,10.9963653,76.9672218,641012,Gandhipuram,641018,Railway
206,07-07-2017 21:20,07-07-2017 21:39,0,Friday,11.020522,76.966698,10.9963653,76.9672218,641012,Gandhipuram,641018,Railway
207,07-07-2017 23:45,08-07-2017 0:00,0,Friday,11.020522,76.966698,10.9963653,76.9672218,641012,Gandhipuram,641018,Railway
208,08-07-2017 6:45,08-07-2017 6:58,0,Saturday,11.020522,76.966698,10.9963653,76.9672218,641012,Gandhipuram,641018,Railway
209,08-07-2017 15:40,08-07-2017 16:03,0,Saturday,11.020522,76.966698,10.9963653,76.9672218,641012,Gandhipuram,641018,Railway
210,08-07-2017 14:10,08-07-2017 14:29,0,Saturday,11.020522,76.966698,10.9963653,76.9672218,641012,Gandhipuram,641018,Railway
211,08-07-2017 6:30,08-07-2017 6:43,0,Saturday,11.020522,76.966698,10.9963653,76.9672218,641012,Gandhipuram,641018,Railway
212,09-07-2017 20:35,09-07-2017 20:58,0,Sunday,11.020522,76.966698,10.9963653,76.9672218,641012,Gandhipuram,641018,Railway
213,09-07-2017 9:30,09-07-2017 9:52,0,Sunday,11.020522,76.966698,10.9963653,76.9672218,641012,Gandhipuram,641018,Railway
214,09-07-2017 17:15,09-07-2017 17:40,0,Sunday,11.020522,76.966698,10.9963653,76.9672218,641012,Gandhipuram,641018,Railway
215,09-07-2017 19:30,09-07-2017 19:56,0,Sunday,11.020522,76.966698,10.9963653,76.9672218,641012,Gandhipuram,641018,Railway
216,10-07-2017 19:50,10-07-2017 20:15,0,Monday,11.020522,76.966698,10.9963653,76.9672218,641012,Gandhipuram,641018,Railway
217,10-07-2017 8:20,10-07-2017 8:44,0,Monday,11.020522,76.966698,10.9963653,76.9672218,641012,Gandhipuram,641018,Railway
218,10-07-2017 15:00,10-07-2017 15:23,0,Monday,11.020522,76.966698,10.9963653,76.9672218,641012,Gandhipuram,641018,Railway
219,10-07-2017 13:15,10-07-2017 13:38,0,Monday,11.020522,76.966698,10.9963653,76.9672218,641012,Gandhipuram,641018,Railway
220,11-07-2017 5:09,11-07-2017 5:35,0,Tuesday,11.020522,76.966698,10.9963653,76.9672218,641012,Gandhipuram,641018,Railway
221,11-07-2017 9:10,11-07-2017 9:36,0,Tuesday,11.020522,76.966698,10.9963653,76.9672218,641012,Gandhipuram,641018,Railway
222,11-07-2017 17:09,11-07-2017 17:32,0,Tuesday,11.020522,76.966698,10.9963653,76.9672218,641012,Gandhipuram,641018,Railway
223,11-07-2017 20:15,11-07-2017 20:41,0,Tuesday,11.020522,76.966698,10.9963653,76.9672218,641012,Gandhipuram,641018,Railway
224,12-07-2017 21:20,12-07-2017 21:43,0,Wednesday,11.020522,76.966698,10.9963653,76.9672218,641012,Gandhipuram,641018,Railway
225,12-07-2017 23:45,13-07-2017 0:05,0,Wednesday,11.020522,76.966698,10.9963653,76.9672218,641012,Gandhipuram,641018,Railway
226,12-07-2017 6:45,12-07-2017 7:02,0,Wednesday,11.020522,76.966698,10.9963653,76.9672218,641012,Gandhipuram,641018,Railway
227,12-07-2017 15:40,12-07-2017 16:04,0,Wednesday,11.020522,76.966698,10.9963653,76.9672218,641012,Gandhipuram,641018,Railway
228,13-07-2017 14:10,13-07-2017 14:30,0,Thursday,11.020522,76.966698,10.9963653,76.9672218,641012,Gandhipuram,641018,Railway
229,13-07-2017 6:30,13-07-2017 6:50,0,Thursday,11.020522,76.966698,10.9963653,76.9672218,641012,Gandhipuram,641018,Railway
230,13-07-2017 20:35,13-07-2017 21:02,0,Thursday,11.020522,76.966698,10.9963653,76.9672218,641012,Gandhipuram,641018,Railway
231,13-07-2017 9:30,13-07-2017 10:00,0,Thursday,11.020522,76.966698,10.9963653,76.9672218,641012,Gandhipuram,641018,Railway
232,14-07-2017 17:15,14-07-2017 17:37,0,Friday,11.020522,76.966698,10.9963653,76.9672218,641012,Gandhipuram,641018,Railway
233,14-07-2017 19:30,14-07-2017 19:55,0,Friday,11.020522,76.966698,10.9963653,76.9672218,641012,Gandhipuram,641018,Railway
234,14-07-2017 19:50,14-07-2017 20:14,0,Friday,11.020522,76.966698,10.9963653,76.9672218,641012,Gandhipuram,641018,Railway
235,14-07-2017 8:20,14-07-2017 8:40,0,Friday,11.020522,76.966698,10.9963653,76.9672218,641012,Gandhipuram,641018,Railway
236,15-07-2017 15:00,15-07-2017 15:24,0,Saturday,11.020522,76.966698,10.9963653,76.9672218,641012,Gandhipuram,641018,Railway
237,15-07-2017 13:15,15-07-2017 13:34,0,Saturday,11.020522,76.966698,10.9963653,76.9672218,641012,Gandhipuram,641018,Railway
238,15-07-2017 23:15,15-07-2017 23:29,0,Saturday,11.020522,76.966698,10.9963653,76.9672218,641012,Gandhipuram,641018,Railway
239,15-07-2017 6:45,15-07-2017 6:59,0,Saturday,11.020522,76.966698,10.9963653,76.9672218,641012,Gandhipuram,641018,Railway
240,16-07-2017 15:40,16-07-2017 16:03,0,Sunday,11.020522,76.966698,10.9963653,76.9672218,641012,Gandhipuram,641018,Railway
241,16-07-2017 14:10,16-07-2017 14:33,0,Sunday,11.020522,76.966698,10.9963653,76.9672218,641012,Gandhipuram,641018,Railway
242,16-07-2017 6:30,16-07-2017 6:45,0,Sunday,11.020522,76.966698,10.9963653,76.9672218,641012,Gandhipuram,641018,Railway
243,16-07-2017 20:35,16-07-2017 20:57,0,Sunday,11.020522,76.966698,10.9963653,76.9672218,641012,Gandhipuram,641018,Railway
244,17-07-2017 9:30,17-07-2017 9:57,0,Monday,11.020522,76.966698,10.9963653,76.9672218,641012,Gandhipuram,641018,Railway
245,17-07-2017 17:15,17-07-2017 17:39,0,Monday,11.020522,76.966698,10.9963653,76.9672218,641012,Gandhipuram,641018,Railway
246,17-07-2017 19:30,17-07-2017 19:53,0,Monday,11.020522,76.966698,10.9963653,76.9672218,641012,Gandhipuram,641018,Railway
247,17-07-2017 19:50,17-07-2017 20:10,0,Monday,11.020522,76.966698,10.9963653,76.9672218,641012,Gandhipuram,641018,Railway
248,18-07-2017 8:20,18-07-2017 8:42,0,Tuesday,11.020522,76.966698,10.9963653,76.9672218,641012,Gandhipuram,641018,Railway
249,18-07-2017 15:00,18-07-2017 15:19,0,Tuesday,11.020522,76.966698,10.9963653,76.9672218,641012,Gandhipuram,641018,Railway
250,18-07-2017 13:15,18-07-2017 13:39,0,Tuesday,11.020522,76.966698,10.9963653,76.9672218,641012,Gandhipuram,641018,Railway
251,18-07-2017 23:15,18-07-2017 23:33,0,Tuesday,11.020522,76.966698,10.9963653,76.9672218,641012,Gandhipuram,641018,Railway
252,19-07-2017 21:20,19-07-2017 21:40,0,Wednesday,11.020522,76.966698,10.9963653,76.9672218,641012,Gandhipuram,641018,Railway
253,20-07-2017 14:10,20-07-2017 14:28,0,Thursday,11.020522,76.966698,10.9963653,76.9672218,641012,Gandhipuram,641018,Railway
254,21-07-2017 17:15,21-07-2017 17:38,0,Friday,11.020522,76.966698,10.9963653,76.9672218,641012,Gandhipuram,641018,Railway
255,21-07-2017 19:30,21-07-2017 19:55,0,Friday,11.020522,76.966698,10.9963653,76.9672218,641012,Gandhipuram,641018,Railway
256,21-07-2017 19:50,21-07-2017 20:13,0,Friday,11.020522,76.966698,10.9963653,76.9672218,641012,Gandhipuram,641018,Railway
257,21-07-2017 8:20,21-07-2017 8:40,0,Friday,11.020522,76.966698,10.9963653,76.9672218,641012,Gandhipuram,641018,Railway
258,22-07-2017 15:00,22-07-2017 15:17,0,Saturday,11.020522,76.966698,10.9963653,76.9672218,641012,Gandhipuram,641018,Railway
259,22-07-2017 13:15,22-07-2017 13:34,0,Saturday,11.020522,76.966698,10.9963653,76.9672218,641012,Gandhipuram,641018,Railway
260,22-07-2017 23:15,22-07-2017 23:33,0,Saturday,11.020522,76.966698,10.9963653,76.9672218,641012,Gandhipuram,641018,Railway
261,22-07-2017 6:45,22-07-2017 6:59,0,Saturday,11.020522,76.966698,10.9963653,76.9672218,641012,Gandhipuram,641018,Railway
262,23-07-2017 15:40,23-07-2017 16:14,0,Sunday,11.020522,76.966698,10.9963653,76.9672218,641012,Gandhipuram,641018,Railway
263,23-07-2017 14:10,23-07-2017 14:33,0,Sunday,11.020522,76.966698,10.9963653,76.9672218,641012,Gandhipuram,641018,Railway
264,23-07-2017 6:30,23-07-2017 6:44,0,Sunday,11.020522,76.966698,10.9963653,76.9672218,641012,Gandhipuram,641018,Railway
265,23-07-2017 20:35,23-07-2017 21:01,0,Sunday,11.020522,76.966698,10.9963653,76.9672218,641012,Gandhipuram,641018,Railway
266,24-07-2017 9:30,24-07-2017 9:54,0,Monday,11.020522,76.966698,10.9963653,76.9672218,641012,Gandhipuram,641018,Railway
267,25-07-2017 8:20,25-07-2017 8:43,0,Tuesday,11.020522,76.966698,10.9963653,76.9672218,641012,Gandhipuram,641018,Railway
268,26-07-2017 15:40,26-07-2017 15:57,0,Wednesday,11.020522,76.966698,10.9963653,76.9672218,641012,Gandhipuram,641018,Railway
269,27-07-2017 14:10,27-07-2017 14:30,0,Thursday,11.020522,76.966698,10.9963653,76.9672218,641012,Gandhipuram,641018,Railway
270,28-07-2017 17:15,28-07-2017 17:40,0,Friday,11.020522,76.966698,10.9963653,76.9672218,641012,Gandhipuram,641018,Railway
271,28-07-2017 19:30,28-07-2017 19:55,0,Friday,11.020522,76.966698,10.9963653,76.9672218,641012,Gandhipuram,641018,Railway
272,28-07-2017 19:50,28-07-2017 20:13,0,Friday,11.020522,76.966698,10.9963653,76.9672218,641012,Gandhipuram,641018,Railway
273,28-07-2017 8:20,28-07-2017 8:40,0,Friday,11.020522,76.966698,10.9963653,76.9672218,641012,Gandhipuram,641018,Railway
274,29-07-2017 15:00,29-07-2017 15:21,0,Saturday,11.020522,76.966698,10.9963653,76.9672218,641012,Gandhipuram,641018,Railway
275,29-07-2017 13:15,29-07-2017 13:38,0,Saturday,11.020522,76.966698,10.9963653,76.9672218,641012,Gandhipuram,641018,Railway
276,29-07-2017 23:15,29-07-2017 23:31,0,Saturday,11.020522,76.966698,10.9963653,76.9672218,641012,Gandhipuram,641018,Railway
277,29-07-2017 6:45,29-07-2017 7:00,0,Saturday,11.020522,76.966698,10.9963653,76.9672218,641012,Gandhipuram,641018,Railway
278,30-07-2017 15:40,30-07-2017 16:03,0,Sunday,11.020522,76.966698,10.9963653,76.9672218,641012,Gandhipuram,641018,Railway
279,30-07-2017 14:10,30-07-2017 14:33,0,Sunday,11.020522,76.966698,10.9963653,76.9672218,641012,Gandhipuram,641018,Railway
280,30-07-2017 6:30,30-07-2017 6:45,0,Sunday,11.020522,76.966698,10.9963653,76.9672218,641012,Gandhipuram,641018,Railway
281,30-07-2017 20:35,30-07-2017 21:03,0,Sunday,11.020522,76.966698,10.9963653,76.9672218,641012,Gandhipuram,641018,Railway
282,31-07-2017 9:30,31-07-2017 9:55,0,Monday,11.020522,76.966698,10.9963653,76.9672218,641012,Gandhipuram,641018,Railway
283,01-08-2017 8:20,01-08-2017 8:55,0,Tuesday,11.020522,76.966698,11.076375,77.002984,641012,Gandhipuram,641035,Saravanampatti
284,02-08-2017 5:09,02-08-2017 5:37,0,Wednesday,11.020522,76.966698,11.076375,77.002984,641012,Gandhipuram,641035,Saravanampatti
285,03-08-2017 21:20,03-08-2017 21:52,0,Thursday,11.020522,76.966698,11.076375,77.002984,641012,Gandhipuram,641035,Saravanampatti
286,04-08-2017 14:10,04-08-2017 14:46,0,Friday,11.020522,76.966698,11.076375,77.002984,641012,Gandhipuram,641035,Saravanampatti
287,05-08-2017 17:15,05-08-2017 17:53,0,Saturday,11.020522,76.966698,11.076375,77.002984,641012,Gandhipuram,641035,Saravanampatti
288,06-08-2017 15:00,06-08-2017 15:38,0,Sunday,11.020522,76.966698,11.076375,77.002984,641012,Gandhipuram,641035,Saravanampatti
289,07-08-2017 17:09,07-08-2017 17:49,0,Monday,11.020522,76.966698,11.076375,77.002984,641012,Gandhipuram,641035,Saravanampatti
290,08-08-2017 6:45,08-08-2017 7:12,0,Tuesday,11.020522,76.966698,11.076375,77.002984,641012,Gandhipuram,641035,Saravanampatti
291,09-08-2017 20:35,09-08-2017 21:14,0,Wednesday,11.020522,76.966698,11.076375,77.002984,641012,Gandhipuram,641035,Saravanampatti
292,10-08-2017 19:50,10-08-2017 20:31,0,Thursday,11.020522,76.966698,11.076375,77.002984,641012,Gandhipuram,641035,Saravanampatti
293,11-08-2017 5:09,11-08-2017 5:50,0,Friday,11.020522,76.966698,11.076375,77.002984,641012,Gandhipuram,641035,Saravanampatti
294,12-08-2017 21:20,12-08-2017 22:02,0,Saturday,11.020522,76.966698,11.076375,77.002984,641012,Gandhipuram,641035,Saravanampatti
295,13-08-2017 14:10,13-08-2017 14:50,0,Sunday,11.020522,76.966698,11.076375,77.002984,641012,Gandhipuram,641035,Saravanampatti
296,14-08-2017 19:30,14-08-2017 20:12,0,Monday,11.020522,76.966698,11.076375,77.002984,641012,Gandhipuram,641035,Saravanampatti
297,15-08-2017 5:09,15-08-2017 6:04,1,Tuesday,11.020522,76.966698,11.076375,77.002984,641012,Gandhipuram,641035,Saravanampatti
298,15-08-2017 9:10,15-08-2017 9:55,1,Tuesday,11.020522,76.966698,11.076375,77.002984,641012,Gandhipuram,641035,Saravanampatti
299,16-08-2017 17:09,16-08-2017 17:52,0,Wednesday,11.020522,76.966698,11.076375,77.002984,641012,Gandhipuram,641035,Saravanampatti
300,17-08-2017 15:40,17-08-2017 16:18,0,Thursday,11.020522,76.966698,11.076375,77.002984,641012,Gandhipuram,641035,Saravanampatti
301,18-08-2017 17:15,18-08-2017 18:04,0,Friday,11.020522,76.966698,11.076375,77.002984,641012,Gandhipuram,641035,Saravanampatti
302,18-08-2017 19:30,18-08-2017 20:15,0,Friday,11.020522,76.966698,11.076375,77.002984,641012,Gandhipuram,641035,Saravanampatti
303,19-08-2017 13:15,19-08-2017 13:52,0,Saturday,11.020522,76.966698,11.076375,77.002984,641012,Gandhipuram,641035,Saravanampatti
304,20-08-2017 23:15,20-08-2017 23:47,0,Sunday,11.020522,76.966698,11.076375,77.002984,641012,Gandhipuram,641035,Saravanampatti
305,21-08-2017 17:15,21-08-2017 17:49,0,Monday,11.020522,76.966698,11.076375,77.002984,641012,Gandhipuram,641035,Saravanampatti
306,23-08-2017 23:45,24-08-2017 0:11,0,Wednesday,11.020522,76.966698,11.076375,77.002984,641012,Gandhipuram,641035,Saravanampatti
307,25-08-2017 19:30,25-08-2017 20:23,1,Friday,11.020522,76.966698,11.076375,77.002984,641012,Gandhipuram,641035,Saravanampatti
308,27-08-2017 15:40,27-08-2017 16:16,0,Sunday,11.020522,76.966698,11.076375,77.002984,641012,Gandhipuram,641035,Saravanampatti
309,27-08-2017 14:10,27-08-2017 14:48,0,Sunday,11.020522,76.966698,11.076375,77.002984,641012,Gandhipuram,641035,Saravanampatti
310,28-08-2017 6:30,28-08-2017 6:55,0,Monday,11.020522,76.966698,11.076375,77.002984,641012,Gandhipuram,641035,Saravanampatti
311,29-08-2017 15:00,29-08-2017 15:34,0,Tuesday,11.020522,76.966698,11.076375,77.002984,641012,Gandhipuram,641035,Saravanampatti
312,30-08-2017 13:15,30-08-2017 13:48,0,Wednesday,11.020522,76.966698,11.076375,77.002984,641012,Gandhipuram,641035,Saravanampatti
313,31-08-2017 6:30,31-08-2017 6:59,0,Thursday,11.020522,76.966698,11.076375,77.002984,641012,Gandhipuram,641035,Saravanampatti
314,01-09-2017 20:35,01-09-2017 21:00,1,Friday,11.020522,76.966698,10.9963653,76.9672218,641012,Gandhipuram,641018,Railway
315,01-09-2017 9:30,01-09-2017 9:55,1,Friday,11.020522,76.966698,10.9963653,76.9672218,641012,Gandhipuram,641018,Railway
316,01-09-2017 17:15,01-09-2017 17:38,1,Friday,11.020522,76.966698,10.9963653,76.9672218,641012,Gandhipuram,641018,Railway
317,01-09-2017 19:30,01-09-2017 19:52,1,Friday,11.020522,76.966698,10.9963653,76.9672218,641012,Gandhipuram,641018,Railway
318,02-09-2017 19:50,02-09-2017 20:15,0,Saturday,11.020522,76.966698,10.9963653,76.9672218,641012,Gandhipuram,641018,Railway
319,02-09-2017 8:20,02-09-2017 8:40,0,Saturday,11.020522,76.966698,10.9963653,76.9672218,641012,Gandhipuram,641018,Railway
320,02-09-2017 15:00,02-09-2017 15:23,0,Saturday,11.020522,76.966698,10.9963653,76.9672218,641012,Gandhipuram,641018,Railway
321,02-09-2017 13:15,02-09-2017 13:40,0,Saturday,11.020522,76.966698,10.9963653,76.9672218,641012,Gandhipuram,641018,Railway
322,03-09-2017 23:15,03-09-2017 23:38,0,Sunday,11.020522,76.966698,10.9963653,76.9672218,641012,Gandhipuram,641018,Railway
323,03-09-2017 6:45,03-09-2017 7:04,0,Sunday,11.020522,76.966698,10.9963653,76.9672218,641012,Gandhipuram,641018,Railway
324,03-09-2017 15:40,03-09-2017 16:00,0,Sunday,11.020522,76.966698,10.9963653,76.9672218,641012,Gandhipuram,641018,Railway
325,03-09-2017 14:10,03-09-2017 14:31,0,Sunday,11.020522,76.966698,10.9963653,76.9672218,641012,Gandhipuram,641018,Railway
326,04-09-2017 6:30,04-09-2017 6:47,1,Monday,11.020522,76.966698,10.9963653,76.9672218,641012,Gandhipuram,641018,Railway
327,04-09-2017 20:35,04-09-2017 21:00,1,Monday,11.020522,76.966698,10.9963653,76.9672218,641012,Gandhipuram,641018,Railway
328,04-09-2017 9:30,04-09-2017 9:55,1,Monday,11.020522,76.966698,10.9963653,76.9672218,641012,Gandhipuram,641018,Railway
329,04-09-2017 17:15,04-09-2017 17:38,1,Monday,11.020522,76.966698,10.9963653,76.9672218,641012,Gandhipuram,641018,Railway
330,05-09-2017 19:30,05-09-2017 19:53,0,Tuesday,11.020522,76.966698,10.9963653,76.9672218,641012,Gandhipuram,641018,Railway
331,06-09-2017 13:15,06-09-2017 13:34,0,Wednesday,11.020522,76.966698,10.9963653,76.9672218,641012,Gandhipuram,641018,Railway
332,07-09-2017 17:09,07-09-2017 17:30,0,Thursday,11.020522,76.966698,10.9963653,76.9672218,641012,Gandhipuram,641018,Railway
333,08-09-2017 6:45,08-09-2017 7:00,0,Friday,11.020522,76.966698,10.9963653,76.9672218,641012,Gandhipuram,641018,Railway
334,08-09-2017 15:40,08-09-2017 16:01,0,Friday,11.020522,76.966698,10.9963653,76.9672218,641012,Gandhipuram,641018,Railway
335,08-09-2017 14:10,08-09-2017 14:27,0,Friday,11.020522,76.966698,10.9963653,76.9672218,641012,Gandhipuram,641018,Railway
336,08-09-2017 6:30,08-09-2017 6:47,0,Friday,11.020522,76.966698,10.9963653,76.9672218,641012,Gandhipuram,641018,Railway
337,09-09-2017 20:35,09-09-2017 20:58,0,Saturday,11.020522,76.966698,10.9963653,76.9672218,641012,Gandhipuram,641018,Railway
338,09-09-2017 9:30,09-09-2017 9:55,0,Saturday,11.020522,76.966698,10.9963653,76.9672218,641012,Gandhipuram,641018,Railway
339,09-09-2017 17:15,09-09-2017 17:38,0,Saturday,11.020522,76.966698,10.9963653,76.9672218,641012,Gandhipuram,641018,Railway
340,09-09-2017 19:30,09-09-2017 19:51,0,Saturday,11.020522,76.966698,10.9963653,76.9672218,641012,Gandhipuram,641018,Railway
341,10-09-2017 19:50,10-09-2017 20:11,0,Sunday,11.020522,76.966698,10.9963653,76.9672218,641012,Gandhipuram,641018,Railway
342,10-09-2017 8:20,10-09-2017 8:38,0,Sunday,11.020522,76.966698,10.9963653,76.9672218,641012,Gandhipuram,641018,Railway
343,10-09-2017 15:00,10-09-2017 15:19,0,Sunday,11.020522,76.966698,10.9963653,76.9672218,641012,Gandhipuram,641018,Railway
344,10-09-2017 13:15,10-09-2017 13:33,0,Sunday,11.020522,76.966698,10.9963653,76.9672218,641012,Gandhipuram,641018,Railway
345,11-09-2017 5:09,11-09-2017 5:33,0,Monday,11.020522,76.966698,10.9963653,76.9672218,641012,Gandhipuram,641018,Railway
346,12-09-2017 21:20,12-09-2017 21:41,0,Tuesday,11.020522,76.966698,10.9963653,76.9672218,641012,Gandhipuram,641018,Railway
347,13-09-2017 14:10,13-09-2017 14:31,0,Wednesday,11.020522,76.966698,10.9963653,76.9672218,641012,Gandhipuram,641018,Railway
348,14-09-2017 17:15,14-09-2017 17:40,0,Thursday,11.020522,76.966698,10.9963653,76.9672218,641012,Gandhipuram,641018,Railway
349,15-09-2017 15:00,15-09-2017 15:17,0,Friday,11.020522,76.966698,10.9963653,76.9672218,641012,Gandhipuram,641018,Railway
350,15-09-2017 13:15,15-09-2017 13:33,0,Friday,11.020522,76.966698,10.9963653,76.9672218,641012,Gandhipuram,641018,Railway
351,15-09-2017 5:09,15-09-2017 5:23,0,Friday,11.020522,76.966698,10.9963653,76.9672218,641012,Gandhipuram,641018,Railway
352,15-09-2017 9:10,15-09-2017 9:33,0,Friday,11.020522,76.966698,10.9963653,76.9672218,641012,Gandhipuram,641018,Railway
353,16-09-2017 17:09,16-09-2017 17:33,0,Saturday,11.020522,76.966698,10.9963653,76.9672218,641012,Gandhipuram,641018,Railway
354,16-09-2017 20:15,16-09-2017 20:42,0,Saturday,11.020522,76.966698,10.9963653,76.9672218,641012,Gandhipuram,641018,Railway
355,16-09-2017 21:20,16-09-2017 21:50,0,Saturday,11.020522,76.966698,10.9963653,76.9672218,641012,Gandhipuram,641018,Railway
356,16-09-2017 23:45,17-09-2017 0:08,0,Saturday,11.020522,76.966698,10.9963653,76.9672218,641012,Gandhipuram,641018,Railway
357,17-09-2017 6:45,17-09-2017 7:01,0,Sunday,11.020522,76.966698,10.9963653,76.9672218,641012,Gandhipuram,641018,Railway
358,17-09-2017 15:40,17-09-2017 16:01,0,Sunday,11.020522,76.966698,10.9963653,76.9672218,641012,Gandhipuram,641018,Railway
359,17-09-2017 14:10,17-09-2017 14:32,0,Sunday,11.020522,76.966698,10.9963653,76.9672218,641012,Gandhipuram,641018,Railway
360,17-09-2017 6:30,17-09-2017 6:46,0,Sunday,11.020522,76.966698,10.9963653,76.9672218,641012,Gandhipuram,641018,Railway
361,18-09-2017 20:35,18-09-2017 20:57,0,Monday,11.020522,76.966698,10.9963653,76.9672218,641012,Gandhipuram,641018,Railway
362,19-09-2017 19:50,19-09-2017 20:15,0,Tuesday,11.020522,76.966698,10.9963653,76.9672218,641012,Gandhipuram,641018,Railway
363,19-09-2017 8:20,19-09-2017 8:47,0,Tuesday,11.020522,76.966698,10.9963653,76.9672218,641012,Gandhipuram,641018,Railway
364,20-09-2017 5:09,20-09-2017 5:35,0,Wednesday,11.020522,76.966698,10.9963653,76.9672218,641012,Gandhipuram,641018,Railway
365,21-09-2017 21:20,21-09-2017 21:43,0,Thursday,11.020522,76.966698,10.9963653,76.9672218,641012,Gandhipuram,641018,Railway
366,22-09-2017 14:10,22-09-2017 14:29,0,Friday,11.020522,76.966698,10.9963653,76.9672218,641012,Gandhipuram,641018,Railway
367,22-09-2017 6:30,22-09-2017 6:45,0,Friday,11.020522,76.966698,10.9963653,76.9672218,641012,Gandhipuram,641018,Railway
368,22-09-2017 20:35,22-09-2017 20:50,0,Friday,11.020522,76.966698,10.9963653,76.9672218,641012,Gandhipuram,641018,Railway
369,22-09-2017 9:30,22-09-2017 9:48,0,Friday,11.020522,76.966698,10.9963653,76.9672218,641012,Gandhipuram,641018,Railway
370,23-09-2017 17:15,23-09-2017 17:38,0,Saturday,11.020522,76.966698,10.9963653,76.9672218,641012,Gandhipuram,641018,Railway
371,23-09-2017 19:30,23-09-2017 19:53,0,Saturday,11.020522,76.966698,10.9963653,76.9672218,641012,Gandhipuram,641018,Railway
372,23-09-2017 19:50,23-09-2017 20:11,0,Saturday,11.020522,76.966698,10.9963653,76.9672218,641012,Gandhipuram,641018,Railway
373,23-09-2017 8:20,23-09-2017 8:44,0,Saturday,11.020522,76.966698,10.9963653,76.9672218,641012,Gandhipuram,641018,Railway
374,24-09-2017 15:00,24-09-2017 15:26,0,Sunday,11.020522,76.966698,10.9963653,76.9672218,641012,Gandhipuram,641018,Railway
375,24-09-2017 13:15,24-09-2017 13:36,0,Sunday,11.020522,76.966698,10.9963653,76.9672218,641012,Gandhipuram,641018,Railway
376,24-09-2017 23:15,24-09-2017 23:36,0,Sunday,11.020522,76.966698,10.9963653,76.9672218,641012,Gandhipuram,641018,Railway
377,24-09-2017 6:45,24-09-2017 7:00,0,Sunday,11.020522,76.966698,10.9963653,76.9672218,641012,Gandhipuram,641018,Railway
378,25-09-2017 15:40,25-09-2017 15:58,0,Monday,11.020522,76.966698,10.9963653,76.9672218,641012,Gandhipuram,641018,Railway
379,26-09-2017 9:30,26-09-2017 9:51,0,Tuesday,11.020522,76.966698,10.9963653,76.9672218,641012,Gandhipuram,641018,Railway
380,27-09-2017 8:20,27-09-2017 8:38,0,Wednesday,11.020522,76.966698,10.9963653,76.9672218,641012,Gandhipuram,641018,Railway
381,28-09-2017 21:20,28-09-2017 21:39,0,Thursday,11.020522,76.966698,10.9963653,76.9672218,641012,Gandhipuram,641018,Railway
382,29-09-2017 14:10,29-09-2017 14:27,0,Friday,11.020522,76.966698,10.9963653,76.9672218,641012,Gandhipuram,641018,Railway
383,29-09-2017 6:30,29-09-2017 6:52,0,Friday,11.020522,76.966698,10.9963653,76.9672218,641012,Gandhipuram,641018,Railway
384,29-09-2017 20:35,29-09-2017 20:57,0,Friday,11.020522,76.966698,10.9963653,76.9672218,641012,Gandhipuram,641018,Railway
385,29-09-2017 9:30,29-09-2017 9:48,0,Friday,11.020522,76.966698,10.9963653,76.9672218,641012,Gandhipuram,641018,Railway
386,30-09-2017 17:15,30-09-2017 17:43,1,Saturday,11.020522,76.966698,10.9963653,76.9672218,641012,Gandhipuram,641018,Railway
387,30-09-2017 19:30,30-09-2017 19:57,1,Saturday,11.020522,76.966698,10.9963653,76.9672218,641012,Gandhipuram,641018,Railway
388,30-09-2017 19:50,30-09-2017 20:19,1,Saturday,11.020522,76.966698,10.9963653,76.9672218,641012,Gandhipuram,641018,Railway
389,30-09-2017 8:20,30-09-2017 8:43,1,Saturday,11.020522,76.966698,10.9963653,76.9672218,641012,Gandhipuram,641018,Railway
390,01-10-2017 15:00,01-10-2017 15:41,0,Sunday,11.020522,76.966698,11.076375,77.002984,641012,Gandhipuram,641035,Saravanampatti
391,02-10-2017 20:35,02-10-2017 21:20,1,Monday,11.020522,76.966698,11.076375,77.002984,641012,Gandhipuram,641035,Saravanampatti
392,03-10-2017 9:30,03-10-2017 10:12,0,Tuesday,11.020522,76.966698,11.076375,77.002984,641012,Gandhipuram,641035,Saravanampatti
393,04-10-2017 23:15,04-10-2017 23:41,0,Wednesday,11.020522,76.966698,11.076375,77.002984,641012,Gandhipuram,641035,Saravanampatti
394,05-10-2017 15:40,05-10-2017 16:07,0,Thursday,11.020522,76.966698,11.076375,77.002984,641012,Gandhipuram,641035,Saravanampatti
395,06-10-2017 9:30,06-10-2017 10:15,0,Friday,11.020522,76.966698,11.076375,77.002984,641012,Gandhipuram,641035,Saravanampatti
396,07-10-2017 17:15,07-10-2017 18:01,0,Saturday,11.020522,76.966698,11.076375,77.002984,641012,Gandhipuram,641035,Saravanampatti
397,08-10-2017 15:00,08-10-2017 15:39,0,Sunday,11.020522,76.966698,11.076375,77.002984,641012,Gandhipuram,641035,Saravanampatti
398,09-10-2017 15:40,09-10-2017 16:04,0,Monday,11.020522,76.966698,11.076375,77.002984,641012,Gandhipuram,641035,Saravanampatti
399,10-10-2017 9:30,10-10-2017 10:07,0,Tuesday,11.020522,76.966698,11.076375,77.002984,641012,Gandhipuram,641035,Saravanampatti
400,11-10-2017 8:20,11-10-2017 8:57,0,Wednesday,11.020522,76.966698,11.076375,77.002984,641012,Gandhipuram,641035,Saravanampatti
401,12-10-2017 5:09,12-10-2017 5:33,0,Thursday,11.020522,76.966698,11.076375,77.002984,641012,Gandhipuram,641035,Saravanampatti
402,13-10-2017 21:20,13-10-2017 22:04,0,Friday,11.020522,76.966698,11.076375,77.002984,641012,Gandhipuram,641035,Saravanampatti
403,14-10-2017 14:10,14-10-2017 14:51,0,Saturday,11.020522,76.966698,11.076375,77.002984,641012,Gandhipuram,641035,Saravanampatti
404,15-10-2017 17:15,15-10-2017 18:04,0,Sunday,11.020522,76.966698,11.076375,77.002984,641012,Gandhipuram,641035,Saravanampatti
405,16-10-2017 15:00,16-10-2017 15:34,0,Monday,11.020522,76.966698,11.076375,77.002984,641012,Gandhipuram,641035,Saravanampatti
406,17-10-2017 17:09,17-10-2017 17:49,0,Tuesday,11.020522,76.966698,11.076375,77.002984,641012,Gandhipuram,641035,Saravanampatti
407,18-10-2017 6:45,18-10-2017 7:12,1,Wednesday,11.020522,76.966698,11.076375,77.002984,641012,Gandhipuram,641035,Saravanampatti
408,19-10-2017 20:35,19-10-2017 21:27,1,Thursday,11.020522,76.966698,11.076375,77.002984,641012,Gandhipuram,641035,Saravanampatti
409,20-10-2017 19:50,20-10-2017 20:45,0,Friday,11.020522,76.966698,11.076375,77.002984,641012,Gandhipuram,641035,Saravanampatti
410,21-10-2017 5:09,21-10-2017 6:00,0,Saturday,11.020522,76.966698,11.076375,77.002984,641012,Gandhipuram,641035,Saravanampatti
411,22-10-2017 21:20,22-10-2017 22:09,0,Sunday,11.020522,76.966698,11.076375,77.002984,641012,Gandhipuram,641035,Saravanampatti
412,23-10-2017 14:10,23-10-2017 14:46,0,Monday,11.020522,76.966698,11.076375,77.002984,641012,Gandhipuram,641035,Saravanampatti
413,24-10-2017 17:15,24-10-2017 17:59,0,Tuesday,11.020522,76.966698,11.076375,77.002984,641012,Gandhipuram,641035,Saravanampatti
414,25-10-2017 15:00,25-10-2017 15:38,0,Wednesday,11.020522,76.966698,11.076375,77.002984,641012,Gandhipuram,641035,Saravanampatti
415,26-10-2017 17:09,26-10-2017 17:51,0,Thursday,11.020522,76.966698,11.076375,77.002984,641012,Gandhipuram,641035,Saravanampatti
416,27-10-2017 6:45,27-10-2017 7:17,0,Friday,11.020522,76.966698,11.076375,77.002984,641012,Gandhipuram,641035,Saravanampatti
417,28-10-2017 20:35,28-10-2017 21:18,0,Saturday,11.020522,76.966698,11.076375,77.002984,641012,Gandhipuram,641035,Saravanampatti
418,29-10-2017 19:50,29-10-2017 20:39,0,Sunday,11.020522,76.966698,11.076375,77.002984,641012,Gandhipuram,641035,Saravanampatti
419,30-10-2017 23:15,30-10-2017 23:40,0,Monday,11.020522,76.966698,11.076375,77.002984,641012,Gandhipuram,641035,Saravanampatti
420,31-10-2017 6:30,31-10-2017 6:56,0,Tuesday,11.020522,76.966698,11.076375,77.002984,641012,Gandhipuram,641035,Saravanampatti
421,01-11-2017 19:30,01-11-2017 19:48,0,Wednesday,11.020522,76.966698,10.9963653,76.9672218,641012,Gandhipuram,641018,Railway
422,02-11-2017 13:15,02-11-2017 13:32,0,Thursday,11.020522,76.966698,10.9963653,76.9672218,641012,Gandhipuram,641018,Railway
423,03-11-2017 6:45,03-11-2017 6:59,0,Friday,11.020522,76.966698,10.9963653,76.9672218,641012,Gandhipuram,641018,Railway
424,03-11-2017 15:40,03-11-2017 15:57,0,Friday,11.020522,76.966698,10.9963653,76.9672218,641012,Gandhipuram,641018,Railway
425,03-11-2017 14:10,03-11-2017 14:26,0,Friday,11.020522,76.966698,10.9963653,76.9672218,641012,Gandhipuram,641018,Railway
426,03-11-2017 6:30,03-11-2017 6:44,0,Friday,11.020522,76.966698,10.9963653,76.9672218,641012,Gandhipuram,641018,Railway
427,04-11-2017 20:35,04-11-2017 21:01,0,Saturday,11.020522,76.966698,10.9963653,76.9672218,641012,Gandhipuram,641018,Railway
428,04-11-2017 9:30,04-11-2017 9:55,0,Saturday,11.020522,76.966698,10.9963653,76.9672218,641012,Gandhipuram,641018,Railway
429,04-11-2017 17:15,04-11-2017 17:38,0,Saturday,11.020522,76.966698,10.9963653,76.9672218,641012,Gandhipuram,641018,Railway
430,04-11-2017 19:30,04-11-2017 19:53,0,Saturday,11.020522,76.966698,10.9963653,76.9672218,641012,Gandhipuram,641018,Railway
431,05-11-2017 19:50,05-11-2017 20:14,0,Sunday,11.020522,76.966698,10.9963653,76.9672218,641012,Gandhipuram,641018,Railway
432,05-11-2017 8:20,05-11-2017 8:39,0,Sunday,11.020522,76.966698,10.9963653,76.9672218,641012,Gandhipuram,641018,Railway
433,05-11-2017 15:00,05-11-2017 15:24,0,Sunday,11.020522,76.966698,10.9963653,76.9672218,641012,Gandhipuram,641018,Railway
434,05-11-2017 13:15,05-11-2017 13:36,0,Sunday,11.020522,76.966698,10.9963653,76.9672218,641012,Gandhipuram,641018,Railway
435,06-11-2017 23:15,06-11-2017 23:29,0,Monday,11.020522,76.966698,10.9963653,76.9672218,641012,Gandhipuram,641018,Railway
436,07-11-2017 6:30,07-11-2017 6:43,0,Tuesday,11.020522,76.966698,10.9963653,76.9672218,641012,Gandhipuram,641018,Railway
437,08-11-2017 19:30,08-11-2017 19:53,0,Wednesday,11.020522,76.966698,10.9963653,76.9672218,641012,Gandhipuram,641018,Railway
438,09-11-2017 13:15,09-11-2017 13:35,0,Thursday,11.020522,76.966698,10.9963653,76.9672218,641012,Gandhipuram,641018,Railway
439,10-11-2017 6:45,10-11-2017 6:59,0,Friday,11.020522,76.966698,10.9963653,76.9672218,641012,Gandhipuram,641018,Railway
440,10-11-2017 15:40,10-11-2017 16:00,0,Friday,11.020522,76.966698,10.9963653,76.9672218,641012,Gandhipuram,641018,Railway
441,10-11-2017 14:10,10-11-2017 14:34,0,Friday,11.020522,76.966698,10.9963653,76.9672218,641012,Gandhipuram,641018,Railway
442,10-11-2017 6:30,10-11-2017 6:45,0,Friday,11.020522,76.966698,10.9963653,76.9672218,641012,Gandhipuram,641018,Railway
443,11-11-2017 20:35,11-11-2017 20:58,0,Saturday,11.020522,76.966698,10.9963653,76.9672218,641012,Gandhipuram,641018,Railway
444,11-11-2017 9:30,11-11-2017 9:50,0,Saturday,11.020522,76.966698,10.9963653,76.9672218,641012,Gandhipuram,641018,Railway
445,11-11-2017 17:15,11-11-2017 17:45,0,Saturday,11.020522,76.966698,10.9963653,76.9672218,641012,Gandhipuram,641018,Railway
446,11-11-2017 19:30,11-11-2017 19:53,0,Saturday,11.020522,76.966698,10.9963653,76.9672218,641012,Gandhipuram,641018,Railway
447,12-11-2017 19:50,12-11-2017 20:15,0,Sunday,11.020522,76.966698,10.9963653,76.9672218,641012,Gandhipuram,641018,Railway
448,12-11-2017 8:20,12-11-2017 8:41,0,Sunday,11.020522,76.966698,10.9963653,76.9672218,641012,Gandhipuram,641018,Railway
449,12-11-2017 15:00,12-11-2017 15:20,0,Sunday,11.020522,76.966698,10.9963653,76.9672218,641012,Gandhipuram,641018,Railway
450,12-11-2017 13:15,12-11-2017 13:36,0,Sunday,11.020522,76.966698,10.9963653,76.9672218,641012,Gandhipuram,641018,Railway
451,13-11-2017 23:15,13-11-2017 23:32,0,Monday,11.020522,76.966698,10.9963653,76.9672218,641012,Gandhipuram,641018,Railway
452,14-11-2017 6:30,14-11-2017 6:58,0,Tuesday,11.020522,76.966698,10.9963653,76.9672218,641012,Gandhipuram,641018,Railway
453,15-11-2017 19:30,15-11-2017 19:51,0,Wednesday,11.020522,76.966698,10.9963653,76.9672218,641012,Gandhipuram,641018,Railway
454,16-11-2017 13:15,16-11-2017 13:31,0,Thursday,11.020522,76.966698,10.9963653,76.9672218,641012,Gandhipuram,641018,Railway
455,17-11-2017 17:09,17-11-2017 17:37,0,Friday,11.020522,76.966698,10.9963653,76.9672218,641012,Gandhipuram,641018,Railway
456,17-11-2017 20:15,17-11-2017 20:39,0,Friday,11.020522,76.966698,10.9963653,76.9672218,641012,Gandhipuram,641018,Railway
457,17-11-2017 21:20,17-11-2017 21:40,0,Friday,11.020522,76.966698,10.9963653,76.9672218,641012,Gandhipuram,641018,Railway
458,17-11-2017 23:45,17-11-2017 23:59,0,Friday,11.020522,76.966698,10.9963653,76.9672218,641012,Gandhipuram,641018,Railway
459,18-11-2017 6:45,18-11-2017 7:03,0,Saturday,11.020522,76.966698,10.9963653,76.9672218,641012,Gandhipuram,641018,Railway
460,18-11-2017 15:40,18-11-2017 16:03,0,Saturday,11.020522,76.966698,10.9963653,76.9672218,641012,Gandhipuram,641018,Railway
461,18-11-2017 14:10,18-11-2017 14:38,0,Saturday,11.020522,76.966698,10.9963653,76.9672218,641012,Gandhipuram,641018,Railway
462,18-11-2017 6:30,18-11-2017 6:43,0,Saturday,11.020522,76.966698,10.9963653,76.9672218,641012,Gandhipuram,641018,Railway
463,19-11-2017 20:35,19-11-2017 21:02,0,Sunday,11.020522,76.966698,10.9963653,76.9672218,641012,Gandhipuram,641018,Railway
464,19-11-2017 9:30,19-11-2017 9:49,0,Sunday,11.020522,76.966698,10.9963653,76.9672218,641012,Gandhipuram,641018,Railway
465,19-11-2017 17:15,19-11-2017 17:40,0,Sunday,11.020522,76.966698,10.9963653,76.9672218,641012,Gandhipuram,641018,Railway
466,19-11-2017 19:30,19-11-2017 19:58,0,Sunday,11.020522,76.966698,10.9963653,76.9672218,641012,Gandhipuram,641018,Railway
467,20-11-2017 19:50,20-11-2017 20:11,0,Monday,11.020522,76.966698,10.9963653,76.9672218,641012,Gandhipuram,641018,Railway
468,21-11-2017 5:09,21-11-2017 5:32,0,Tuesday,11.020522,76.966698,10.9963653,76.9672218,641012,Gandhipuram,641018,Railway
469,22-11-2017 15:40,22-11-2017 15:59,0,Wednesday,11.020522,76.966698,10.9963653,76.9672218,641012,Gandhipuram,641018,Railway
470,23-11-2017 14:10,23-11-2017 14:27,0,Thursday,11.020522,76.966698,10.9963653,76.9672218,641012,Gandhipuram,641018,Railway
471,24-11-2017 17:15,24-11-2017 17:37,0,Friday,11.020522,76.966698,10.9963653,76.9672218,641012,Gandhipuram,641018,Railway
472,24-11-2017 19:30,24-11-2017 19:57,0,Friday,11.020522,76.966698,10.9963653,76.9672218,641012,Gandhipuram,641018,Railway
473,24-11-2017 19:50,24-11-2017 20:15,0,Friday,11.020522,76.966698,10.9963653,76.9672218,641012,Gandhipuram,641018,Railway
474,24-11-2017 8:20,24-11-2017 8:43,0,Friday,11.020522,76.966698,10.9963653,76.9672218,641012,Gandhipuram,641018,Railway
475,25-11-2017 15:00,25-11-2017 15:23,0,Saturday,11.020522,76.966698,10.9963653,76.9672218,641012,Gandhipuram,641018,Railway
476,25-11-2017 13:15,25-11-2017 13:41,0,Saturday,11.020522,76.966698,10.9963653,76.9672218,641012,Gandhipuram,641018,Railway
477,25-11-2017 5:09,25-11-2017 5:21,0,Saturday,11.020522,76.966698,10.9963653,76.9672218,641012,Gandhipuram,641018,Railway
478,25-11-2017 9:10,25-11-2017 9:39,0,Saturday,11.020522,76.966698,10.9963653,76.9672218,641012,Gandhipuram,641018,Railway
479,26-11-2017 17:09,26-11-2017 17:32,0,Sunday,11.020522,76.966698,10.9963653,76.9672218,641012,Gandhipuram,641018,Railway
480,26-11-2017 20:15,26-11-2017 20:39,0,Sunday,11.020522,76.966698,10.9963653,76.9672218,641012,Gandhipuram,641018,Railway
481,26-11-2017 21:20,26-11-2017 21:45,0,Sunday,11.020522,76.966698,10.9963653,76.9672218,641012,Gandhipuram,641018,Railway
482,26-11-2017 23:45,27-11-2017 0:10,0,Sunday,11.020522,76.966698,10.9963653,76.9672218,641012,Gandhipuram,641018,Railway
483,27-11-2017 6:30,27-11-2017 6:43,0,Monday,11.020522,76.966698,10.9963653,76.9672218,641012,Gandhipuram,641018,Railway
484,28-11-2017 19:30,28-11-2017 19:47,0,Tuesday,11.020522,76.966698,10.9963653,76.9672218,641012,Gandhipuram,641018,Railway
485,29-11-2017 13:15,29-11-2017 13:32,0,Wednesday,11.020522,76.966698,10.9963653,76.9672218,641012,Gandhipuram,641018,Railway
486,30-11-2017 5:09,30-11-2017 5:21,1,Thursday,11.020522,76.966698,10.9963653,76.9672218,641012,Gandhipuram,641018,Railway
487,30-11-2017 9:10,30-11-2017 9:30,1,Thursday,11.020522,76.966698,10.9963653,76.9672218,641012,Gandhipuram,641018,Railway
488,30-11-2017 17:09,30-11-2017 17:32,1,Thursday,11.020522,76.966698,10.9963653,76.9672218,641012,Gandhipuram,641018,Railway
489,30-11-2017 20:15,30-11-2017 20:43,1,Thursday,11.020522,76.966698,10.9963653,76.9672218,641012,Gandhipuram,641018,Railway
490,01-12-2017 21:20,01-12-2017 22:01,0,Friday,11.020522,76.966698,11.076375,77.002984,641012,Gandhipuram,641035,Saravanampatti
491,02-12-2017 14:10,02-12-2017 14:49,0,Saturday,11.020522,76.966698,11.076375,77.002984,641012,Gandhipuram,641035,Saravanampatti
492,03-12-2017 17:15,03-12-2017 18:04,0,Sunday,11.020522,76.966698,11.076375,77.002984,641012,Gandhipuram,641035,Saravanampatti
493,04-12-2017 6:45,04-12-2017 7:12,0,Monday,11.020522,76.966698,11.076375,77.002984,641012,Gandhipuram,641035,Saravanampatti
494,05-12-2017 15:40,05-12-2017 16:11,0,Tuesday,11.020522,76.966698,11.076375,77.002984,641012,Gandhipuram,641035,Saravanampatti
495,06-12-2017 19:30,06-12-2017 20:14,0,Wednesday,11.020522,76.966698,11.076375,77.002984,641012,Gandhipuram,641035,Saravanampatti
496,07-12-2017 23:15,07-12-2017 23:44,0,Thursday,11.020522,76.966698,11.076375,77.002984,641012,Gandhipuram,641035,Saravanampatti
497,08-12-2017 21:20,08-12-2017 22:07,0,Friday,11.020522,76.966698,11.076375,77.002984,641012,Gandhipuram,641035,Saravanampatti
498,09-12-2017 9:30,09-12-2017 10:17,0,Saturday,11.020522,76.966698,11.076375,77.002984,641012,Gandhipuram,641035,Saravanampatti
499,10-12-2017 17:15,10-12-2017 18:07,0,Sunday,11.020522,76.966698,11.076375,77.002984,641012,Gandhipuram,641035,Saravanampatti
500,11-12-2017 6:45,11-12-2017 7:09,0,Monday,11.020522,76.966698,11.076375,77.002984,641012,Gandhipuram,641035,Saravanampatti
501,12-12-2017 15:40,12-12-2017 16:18,0,Tuesday,11.020522,76.966698,11.076375,77.002984,641012,Gandhipuram,641035,Saravanampatti
502,13-12-2017 19:50,13-12-2017 20:32,0,Wednesday,11.020522,76.966698,11.076375,77.002984,641012,Gandhipuram,641035,Saravanampatti
503,14-12-2017 8:20,14-12-2017 9:04,0,Thursday,11.020522,76.966698,11.076375,77.002984,641012,Gandhipuram,641035,Saravanampatti
504,15-12-2017 15:40,15-12-2017 16:17,0,Friday,11.020522,76.966698,11.076375,77.002984,641012,Gandhipuram,641035,Saravanampatti
505,16-12-2017 14:10,16-12-2017 14:46,0,Saturday,11.020522,76.966698,11.076375,77.002984,641012,Gandhipuram,641035,Saravanampatti
506,17-12-2017 8:20,17-12-2017 8:59,0,Sunday,11.020522,76.966698,11.076375,77.002984,641012,Gandhipuram,641035,Saravanampatti
507,18-12-2017 15:00,18-12-2017 15:41,0,Monday,11.020522,76.966698,11.076375,77.002984,641012,Gandhipuram,641035,Saravanampatti
508,19-12-2017 6:30,19-12-2017 6:59,0,Tuesday,11.020522,76.966698,11.076375,77.002984,641012,Gandhipuram,641035,Saravanampatti
509,19-12-2017 20:35,19-12-2017 21:18,0,Tuesday,11.020522,76.966698,11.076375,77.002984,641012,Gandhipuram,641035,Saravanampatti
510,20-12-2017 9:30,20-12-2017 10:16,0,Wednesday,11.020522,76.966698,11.076375,77.002984,641012,Gandhipuram,641035,Saravanampatti
511,21-12-2017 23:15,21-12-2017 23:43,0,Thursday,11.020522,76.966698,11.076375,77.002984,641012,Gandhipuram,641035,Saravanampatti
512,22-12-2017 5:09,22-12-2017 5:35,0,Friday,11.020522,76.966698,11.076375,77.002984,641012,Gandhipuram,641035,Saravanampatti
513,23-12-2017 15:40,23-12-2017 16:13,0,Saturday,11.020522,76.966698,11.076375,77.002984,641012,Gandhipuram,641035,Saravanampatti
514,24-12-2017 14:10,24-12-2017 14:48,0,Sunday,11.020522,76.966698,11.076375,77.002984,641012,Gandhipuram,641035,Saravanampatti
515,25-12-2017 8:20,25-12-2017 9:13,1,Monday,11.020522,76.966698,11.076375,77.002984,641012,Gandhipuram,641035,Saravanampatti
516,26-12-2017 15:00,26-12-2017 15:36,0,Tuesday,11.020522,76.966698,11.076375,77.002984,641012,Gandhipuram,641035,Saravanampatti
517,27-12-2017 23:45,28-12-2017 0:10,0,Wednesday,11.020522,76.966698,11.076375,77.002984,641012,Gandhipuram,641035,Saravanampatti
518,28-12-2017 6:45,28-12-2017 7:09,0,Thursday,11.020522,76.966698,11.076375,77.002984,641012,Gandhipuram,641035,Saravanampatti
519,29-12-2017 19:30,29-12-2017 20:21,0,Friday,11.020522,76.966698,11.076375,77.002984,641012,Gandhipuram,641035,Saravanampatti
520,30-12-2017 19:50,30-12-2017 20:46,0,Saturday,11.020522,76.966698,11.076375,77.002984,641012,Gandhipuram,641035,Saravanampatti
521,31-12-2017 20:15,31-12-2017 21:02,1,Sunday,11.020522,76.966698,11.076375,77.002984,641012,Gandhipuram,641035,Saravanampatti
